,time,neu,neu_clean,pos,pos_clean,neg,neg_clean,com,com_clean,close,high,low,open,volumefrom,volumeto,price_delta,delta_bool
0,2019-07-24 14:00:00,0.8510111576011155,0.7114793119479313,0.10964853556485343,0.2148628544862858,0.039343561134356074,0.07366155276615521,0.15256652719665265,0.14497243142724317,9860.07,9875.54,9683.07,9711.84,4233.0,41513730.45,148.22999999999956,1
1,2019-07-24 15:00:00,0.8580032410135525,0.7260276959340004,0.10356157925751328,0.20460518562168545,0.03843517972893337,0.06936652916912199,0.1420010312315851,0.13863131997642902,9905.01,9920.54,9850.87,9860.07,2852.01,28208057.96,44.94000000000051,1
2,2019-07-24 16:00:00,0.8484154469012763,0.7180488944254113,0.11305325443786977,0.21582155091871738,0.0385325443786982,0.06612986608533174,0.15539227654936136,0.1543764559327311,9577.34,9911.49,9535.78,9905.01,6650.74,64171787.29,-327.6700000000001,0
3,2019-07-24 17:00:00,0.8476351493848878,0.7089760984182769,0.11348224956063252,0.22060984182776752,0.03888295254833037,0.07041089630931455,0.15284014059753945,0.1560240070298769,9614.62,9656.57,9555.39,9577.34,2236.3,21506015.62,37.280000000000655,1
4,2019-07-24 18:00:00,0.847357195571957,0.7028889298892974,0.1092538745387454,0.22050996309963142,0.04339114391143909,0.07660221402214017,0.1427725092250924,0.15267317343173453,9633.66,9673.43,9612.8,9614.62,1195.08,11527223.66,19.039999999999054,1
5,2019-07-24 19:00:00,0.8510522772277234,0.7129754455445548,0.10871564356435644,0.210901782178218,0.04023049504950493,0.07611801980198016,0.15120906930693082,0.14410586138613862,9648.77,9698.26,9573.48,9633.66,2732.32,26369564.34,15.110000000000582,1
6,2019-07-24 20:00:00,0.8489892841834545,0.7071783111873114,0.1095473639091298,0.21656236605229334,0.041460780111444454,0.07626060865837972,0.15499425632233169,0.14662421774539228,9675.1,9724.71,9566.73,9648.77,2155.28,20798268.05,26.329999999999927,1
7,2019-07-24 21:00:00,0.8520906768837814,0.7190370370370363,0.10764495530012765,0.2136666666666666,0.04026819923371648,0.0672988505747126,0.1421113665389527,0.14817573435504452,9777.53,9814.11,9668.94,9675.1,2083.47,20301206.42,102.43000000000029,1
26,2019-07-25 16:00:00,0.8524358974358975,0.7276923076923077,0.11529487179487177,0.19666666666666666,0.03228205128205128,0.07565384615384614,0.18637307692307692,0.15618846153846155,9988.89,10072.74,9952.21,9999.98,2600.99,26003262.67,-11.090000000000146,0
42,2019-07-26 08:00:00,0.8699106145251398,0.7586983240223463,0.09708938547486036,0.1858100558659218,0.032994413407821215,0.05548044692737432,0.1434564245810056,0.14019050279329606,9798.61,9806.04,9754.33,9782.88,760.07,7438078.07,15.730000000001382,1
43,2019-07-26 09:00:00,0.8666024590163934,0.7502786885245902,0.09681557377049181,0.18312704918032788,0.03658811475409833,0.06659426229508197,0.12790307377049184,0.12535778688524585,9802.7,9811.55,9772.29,9798.61,901.45,8832399.04,4.0900000000001455,1
44,2019-07-26 10:00:00,0.8627220248667847,0.7302158081705143,0.09954529307282427,0.19675399644760241,0.03772957371225573,0.07303330373001778,0.13867628774422736,0.13840319715808186,9777.96,9811.33,9760.97,9802.7,758.16,7427314.41,-24.7400000000016,0
45,2019-07-26 11:00:00,0.8707779479326188,0.7481209800918829,0.0908131699846861,0.18050842266462488,0.038407350689127116,0.07137978560490044,0.11352679938744245,0.1015162327718222,9808.45,9826.67,9777.29,9777.96,1055.17,10361765.34,30.4900000000016,1
47,2019-07-26 13:00:00,0.8407582911748186,0.6953479482855534,0.11842102304665526,0.23622878021360333,0.04081562675660484,0.06842945474985945,0.18930933108487927,0.19259887577290613,9789.67,9807.87,9740.04,9789.03,1406.14,13755125.48,0.6399999999994179,1
48,2019-07-26 14:00:00,0.8459079651941113,0.704273761713521,0.11632530120481921,0.22427476572958532,0.037772088353413676,0.07145749665327975,0.18493319946452472,0.1709823293172694,9785.06,9798.48,9720.89,9789.67,2368.79,23122065.53,-4.610000000000582,0
49,2019-07-26 15:00:00,0.844951535836177,0.7027750853242316,0.11698225255972691,0.2315784982935158,0.03806484641638223,0.06564880546075079,0.1803880546075088,0.17903215017064858,9799.51,9814.35,9772.09,9785.06,984.76,9649858.54,14.450000000000728,1
50,2019-07-26 16:00:00,0.7926536111389328,0.644081638785935,0.1612446158469398,0.2821762997095092,0.046101171992387155,0.07374346388861058,0.21552032455173628,0.19783318641690917,9816.36,9890.05,9778.91,9799.51,1822.31,17923276.66,16.850000000000364,1
51,2019-07-26 17:00:00,0.8002614264919904,0.6493244541484652,0.15205662299854425,0.27124949053857433,0.047680786026200815,0.07942867540029129,0.20660759825327527,0.19024646288209543,9793.41,9827.75,9765.2,9816.36,1244.08,12187311.49,-22.950000000000728,0
52,2019-07-26 18:00:00,0.8066106519742883,0.65120789715335,0.14783728191000942,0.27183783287419694,0.045548760330578454,0.07695629017447203,0.2106607346189158,0.19947089072543636,9833.74,9862.38,9792.51,9793.41,983.98,9671903.65,40.32999999999993,1
53,2019-07-26 19:00:00,0.799530737299861,0.6469017592409532,0.15495394346708793,0.2761144494959477,0.045515912235619745,0.07698557027080462,0.22069675825261859,0.20029897212887923,9866.38,9888.5,9828.33,9833.74,1710.4,16875250.28,32.63999999999942,1
54,2019-07-26 20:00:00,0.8001461345671872,0.6532795450163831,0.1511370734528634,0.26664545980335524,0.048716791979949964,0.08007769423558896,0.2071653364179679,0.1881908424908421,9842.47,9877.59,9766.1,9866.38,1931.89,19005962.36,-23.909999999999854,0
55,2019-07-26 21:00:00,0.810134836332106,0.6603548666811151,0.14521894645566896,0.2641606329937134,0.044645566876219386,0.07548601777585087,0.20790778235421656,0.19543138955126815,9836.4,9853.11,9783.82,9842.47,1017.57,9996950.28,-6.069999999999709,0
56,2019-07-26 22:00:00,0.8112151774785801,0.6584526315789456,0.14375006119951086,0.2654592411260707,0.04503843329253362,0.0760883720930232,0.2062851652386778,0.1962852386780898,9797.01,9845.49,9789.74,9836.4,641.18,6300119.87,-39.38999999999942,0
57,2019-07-26 23:00:00,0.8192554127198923,0.6803119079837614,0.13544519621109635,0.24579296346414087,0.045297361299052735,0.07389648173207038,0.1896090324763198,0.17871184032476303,9847.45,9864.83,9794.59,9797.01,1060.13,10434570.4,50.44000000000051,1
58,2019-07-27 00:00:00,0.8090614480363338,0.6634114346780629,0.14481725888324884,0.2598402351055304,0.04612636922254878,0.0767536735239112,0.2093131178199304,0.1892918514560513,10167.81,10202.95,9832.83,9847.45,7500.58,75786845.37,320.35999999999876,1
59,2019-07-27 01:00:00,0.8160616554054063,0.6729691722972978,0.13577744932432448,0.23909248310810804,0.048163006756756735,0.08794341216216203,0.18491461148648655,0.1615757601351355,10133.36,10184.09,10132.63,10167.81,1512.14,15358102.41,-34.44999999999891,0
60,2019-07-27 02:00:00,0.8240226293103452,0.6780387931034477,0.13070096982758597,0.24455926724137958,0.04527855603448279,0.0774073275862069,0.18564854525862112,0.17640501077586232,10134.74,10137.94,10114.36,10133.36,1089.5,11026661.23,1.3799999999991996,1
61,2019-07-27 03:00:00,0.8306722462203044,0.6821560475161978,0.13035475161987034,0.2495145788336937,0.03897840172786178,0.06832829373650114,0.20567014038876888,0.19358066954643643,10133.32,10148.4,10129.04,10134.74,622.38,6310216.06,-1.4200000000000728,0
62,2019-07-27 04:00:00,0.8455993650793654,0.7114514285714295,0.11284634920634913,0.21076126984126986,0.04155047619047618,0.07778349206349208,0.17130374603174628,0.15232393650793682,10133.36,10142.01,10116.92,10133.32,637.39,6461475.68,0.040000000000873115,1
63,2019-07-27 05:00:00,0.8379026845637574,0.6972503355704692,0.11835302013422809,0.22467315436241603,0.04373489932885909,0.07807852348993288,0.16413006711409414,0.16059758389261758,10081.92,10134.88,10071.44,10133.36,1036.53,10469364.97,-51.44000000000051,0
64,2019-07-27 06:00:00,0.8426510416666666,0.6933066406249999,0.11983138020833334,0.23778906249999998,0.037520833333333364,0.06890234374999998,0.18559466145833334,0.1826562500000004,10081.19,10097.5,10076.94,10081.92,507.87,5113646.1,-0.7299999999995634,0
65,2019-07-27 07:00:00,0.847810276679842,0.7069593450028242,0.11204573687182383,0.2201417278373804,0.04013946922642575,0.07290513833992093,0.16132631281761728,0.16439181253529067,10076.41,10094.56,10051.81,10081.19,699.22,7046370.48,-4.780000000000655,0
66,2019-07-27 08:00:00,0.8458731543624166,0.7012738255033559,0.11436375838926173,0.22464697986577162,0.03976442953020135,0.07408053691275171,0.17438080536912764,0.16727422818791962,10084.1,10100.68,10064.18,10076.41,469.71,4738177.62,7.690000000000509,1
67,2019-07-27 09:00:00,0.8460238709677419,0.7155716129032261,0.11313290322580656,0.21406645161290336,0.040845806451612926,0.07035677419354838,0.17364161290322602,0.16588245161290358,10062.94,10089.05,10062.57,10084.1,530.09,5341966.06,-21.159999999999854,0
68,2019-07-27 10:00:00,0.8373262857142861,0.6983600000000001,0.11463085714285715,0.22228171428571442,0.048042285714285655,0.07936228571428579,0.146714628571429,0.15516611428571472,9518.17,10068.41,9443.83,10062.94,11517.89,110479461.05,-544.7700000000004,0
69,2019-07-27 11:00:00,0.8312203663793103,0.6829568965517248,0.12125323275862067,0.23361745689655208,0.0475237068965517,0.08343103448275857,0.16027473060344827,0.15606557112068978,9506.54,9532.91,9440.76,9518.17,3202.89,30407367.35,-11.6299999999992,0
70,2019-07-27 12:00:00,0.8373066542577947,0.6954634713820371,0.11804327594229874,0.22712284783620282,0.044647277803629586,0.07741786877617499,0.1635334574220565,0.16136133085155874,9412.31,9506.54,9366.33,9506.54,4130.94,38907946.39,-94.23000000000138,0
71,2019-07-27 13:00:00,0.8417962616822422,0.6932621495327085,0.11689065420560735,0.22850233644859805,0.04131542056074765,0.07823644859813077,0.17187112149532724,0.1639333644859814,9425.91,9463.22,9389.56,9412.31,1815.09,17132843.54,13.600000000000364,1
72,2019-07-27 14:00:00,0.8430139599813877,0.7081544904606788,0.11583108422522119,0.22527873429502146,0.04115495579339233,0.06656491391344811,0.17569809213587745,0.17403671475104698,9432.75,9470.73,9416.57,9425.91,1563.63,14776194.45,6.8400000000001455,1
73,2019-07-27 15:00:00,0.8401597191750765,0.7066924089512935,0.11606186924089508,0.21834488810882,0.04377621763931544,0.07496401930671344,0.16597494515138256,0.16361004826678416,9424.28,9454.23,9310.47,9432.75,4252.06,39953472.73,-8.469999999999345,0
74,2019-07-27 16:00:00,0.8410927213722766,0.7000241075567919,0.1146147426981922,0.22108993973110833,0.04429253592953175,0.07888873435326836,0.1640666666666669,0.16228284654612904,9438.51,9470.67,9401.06,9424.28,1238.79,11685228.92,14.229999999999563,1
75,2019-07-27 17:00:00,0.8415794346978549,0.6984615009746589,0.11585038986354756,0.2264444444444448,0.0425648148148148,0.07509307992202727,0.17105019493177365,0.1694426900584798,9452.61,9469.06,9424.62,9438.51,871.09,8232681.22,14.100000000000364,1
76,2019-07-27 18:00:00,0.8417736503219417,0.6980292223873191,0.1163343239227339,0.22784299157999063,0.04189499752352648,0.07412630014858834,0.17005834571570103,0.17023719663199627,9401.46,9458.74,9379.08,9452.61,1457.56,13732009.27,-51.150000000001455,0
77,2019-07-27 19:00:00,0.837052798310456,0.6974598732840548,0.1171853220696937,0.22374709609292567,0.04576346356916576,0.0787903907074974,0.1675655227032738,0.16185591341077127,9407.01,9460.62,9388.54,9401.46,1146.43,10806475.34,5.550000000001091,1
78,2019-07-27 20:00:00,0.838134844192634,0.6913031161473084,0.11866118980169982,0.23240509915014193,0.04321133144475922,0.07629405099150141,0.1716686118980172,0.16878390934844223,9449.85,9451.7,9386.32,9407.01,882.39,8318357.01,42.840000000000146,1
79,2019-07-27 21:00:00,0.8461861575178998,0.710683174224342,0.10804176610978532,0.20639439140811425,0.04576909307875894,0.08292482100238673,0.1464330548926015,0.14005465393794775,9507.26,9523.77,9446.74,9449.85,1081.34,10258897.6,57.409999999999854,1
80,2019-07-27 22:00:00,0.8472440516655331,0.6960169952413324,0.10873827328348055,0.21823861318830723,0.044017675050985715,0.0857409925220938,0.1580016315431681,0.14923120326308636,9445.59,9523.55,9342.71,9507.26,3570.63,33730577.15,-61.67000000000007,0
81,2019-07-27 23:00:00,0.8438923076923083,0.7023356643356644,0.11361748251748247,0.21913636363636388,0.04248601398601399,0.07852377622377624,0.16596545454545455,0.15410279720279735,9478.32,9530.33,9420.98,9445.59,1745.28,16537779.05,32.72999999999956,1
82,2019-07-28 00:00:00,0.8464145150034885,0.7028722958827638,0.11449616189811569,0.2233000697836711,0.03908932309839497,0.07383251919050944,0.17918471737613423,0.16720048848569455,9420.02,9478.32,9372.35,9478.32,1113.98,10495816.51,-58.29999999999927,0
83,2019-07-28 01:00:00,0.8353149999999984,0.6861942857142864,0.11739999999999995,0.23054357142857174,0.04729071428571433,0.08325857142857147,0.16130121428571445,0.15977757142857163,9473.54,9477.08,9419.59,9420.02,608.65,5759440.57,53.52000000000044,1
84,2019-07-28 02:00:00,0.8385592948717948,0.6906899038461539,0.11716266025641027,0.2272347756410258,0.04427964743589743,0.08208092948717953,0.1666067307692308,0.16513012820512826,9457.73,9488.13,9453.83,9473.54,493.19,4675576.95,-15.81000000000131,0
85,2019-07-28 03:00:00,0.8316163828061629,0.686427412814274,0.12335198702351986,0.23301540957015413,0.04503487429034876,0.08056204379562043,0.1749425790754259,0.16510973236009763,9466.19,9483.3,9450.51,9457.73,296.33,2809690.4,8.460000000000946,1
86,2019-07-28 04:00:00,0.8427149837133551,0.693304560260586,0.11890798045602606,0.23117915309446244,0.038381107491856685,0.0755203583061889,0.19093794788273633,0.1693713355048862,9505.45,9559.4,9465.79,9466.19,1161.97,11074226.28,39.26000000000022,1
87,2019-07-28 05:00:00,0.8386185737976776,0.6934046434494199,0.11846351575456054,0.22906301824212272,0.042919568822553884,0.07753399668325044,0.17316086235489236,0.16702479270315115,9504.49,9532.66,9496.8,9505.45,476.55,4536971.71,-0.9600000000009459,0
88,2019-07-28 06:00:00,0.8508569169960466,0.710584189723321,0.11294466403162058,0.21878498023715426,0.03619841897233199,0.0706363636363636,0.18617715415019787,0.1769103557312255,9503.47,9538.74,9474.46,9504.49,476.18,4532177.04,-1.0200000000004366,0
89,2019-07-28 07:00:00,0.8350454217736133,0.6926820475847159,0.12556885364095158,0.24173179524152838,0.03938428262436915,0.0655854361932228,0.19243273251622203,0.19033878875270402,9481.09,9515.23,9480.99,9503.47,435.14,4138982.3,-22.3799999999992,0
90,2019-07-28 08:00:00,0.856557046979867,0.7213325876211788,0.10777926920208791,0.21702609992542882,0.03566666666666668,0.06164280387770319,0.17013653989560037,0.16964683072334097,9508.24,9524.59,9476.39,9481.09,380.52,3615274.34,27.149999999999636,1
91,2019-07-28 09:00:00,0.8400526700804689,0.7011741038771033,0.12017117776152163,0.23055303584491565,0.039773226042428625,0.06827432333577177,0.18176949524506245,0.1784219458668619,9466.31,9516.37,9465.25,9508.24,368.79,3509487.63,-41.93000000000029,0
92,2019-07-28 10:00:00,0.84567513069455,0.7018043315907384,0.1174017923823749,0.23118297236743832,0.03691784914115012,0.06701643017177002,0.19172994772218108,0.1864717699775956,9455.33,9482.45,9428.66,9466.31,800.52,7577687.88,-10.979999999999563,0
93,2019-07-28 11:00:00,0.8425985865724395,0.701903180212015,0.11819646643109542,0.22768833922261475,0.039197879858657254,0.07041130742049469,0.19194466431095417,0.17708607773851606,9522.1,9553.76,9453.26,9455.33,1040.59,9903569.23,66.77000000000044,1
94,2019-07-28 12:00:00,0.8447266797129812,0.714277886497065,0.11420547945205492,0.21519634703196358,0.04107501630789306,0.07053359425962163,0.1698206784083501,0.1605874103065887,9501.84,9534.53,9483.49,9522.1,575.01,5471504.35,-20.26000000000022,0
95,2019-07-28 13:00:00,0.8368106015485413,0.6839898749255501,0.12089219773674807,0.2354258487194757,0.04229124478856462,0.08058784991066106,0.18207498511018486,0.17379761762954177,9493.8,9505.71,9470.73,9501.84,553.98,5257057.28,-8.040000000000873,0
96,2019-07-28 14:00:00,0.8471454747362581,0.7068784008883953,0.11327207107162689,0.22590616324264334,0.039585230427540245,0.06721932259855638,0.17029078289838967,0.17332359800111058,9493.45,9530.39,9486.04,9493.8,439.01,4173779.3,-0.3499999999985448,0
97,2019-07-28 15:00:00,0.8397180616740079,0.6942006852667628,0.11401811062163479,0.22589525208027458,0.04627019089574154,0.0799045521292217,0.1614182085168869,0.16199921683798335,9510.9,9537.08,9492.41,9493.45,623.04,5936298.26,17.44999999999891,1
98,2019-07-28 16:00:00,0.8479481555334,0.7058240279162508,0.10845513459621135,0.21583649052841514,0.04358923230309072,0.07834546360917247,0.14374396809571327,0.14972387836490544,9521.48,9563.37,9507.85,9510.9,892.72,8508866.53,10.579999999999927,1
99,2019-07-28 17:00:00,0.8390061068702288,0.6993664122137386,0.11620152671755724,0.22884223918575092,0.044787277353689516,0.07178880407124685,0.1698136386768448,0.17268569974554718,9537.57,9554.48,9517.69,9521.48,430.02,4104008.54,16.090000000000146,1
100,2019-07-28 18:00:00,0.8453175604626709,0.6986750788643533,0.11276656151419563,0.22523133543638235,0.041910620399579414,0.07610094637223976,0.17312607781282857,0.16781924290220798,9540.9,9557.06,9526.95,9537.57,621.63,5934036.79,3.3299999999999272,1
115,2019-07-29 09:00:00,0.8568501712328764,0.7199434931506845,0.10983047945205471,0.21387328767123284,0.033312499999999974,0.0661857876712329,0.17148116438356165,0.15993510273972625,9471.52,9568.23,9386.9,9557.6,2529.64,23963759.97,-86.07999999999993,0
116,2019-07-29 10:00:00,0.8520368589743598,0.7180705128205125,0.1111581196581198,0.21425267094017098,0.03680822649572655,0.06767895299145303,0.17222425213675227,0.15908060897435922,9487.62,9505.62,9446.82,9471.52,795.93,7553793.66,16.100000000000364,1
117,2019-07-29 11:00:00,0.8567792275574106,0.7217296450939457,0.10837265135699377,0.21382881002087661,0.034846033402922784,0.06443893528183714,0.1725566805845512,0.16671737995824645,9458.2,9499.23,9437.98,9487.62,930.21,8814441.14,-29.420000000000073,0
118,2019-07-29 12:00:00,0.8514103618421057,0.7232055921052623,0.10980304276315778,0.2095222039473687,0.03878371710526315,0.06727302631578942,0.16306615953947357,0.1554298519736841,9516.39,9517.36,9447.64,9458.2,1124.21,10666081.34,58.18999999999869,1
119,2019-07-29 13:00:00,0.8511943462897538,0.7159654495484875,0.11100981546917935,0.2120369061641149,0.037797801334903784,0.07199332548095802,0.1706133490380839,0.1552351786415392,9534.32,9577.54,9480.21,9516.39,1466.14,13969228.4,17.93000000000029,1
120,2019-07-29 14:00:00,0.8519219242902213,0.7215118296529968,0.11175473186119889,0.2126317034700316,0.036328075709779195,0.06585173501577288,0.1705706624605679,0.16092397476340706,9516.29,9565.77,9500.32,9534.32,1109.57,10579922.74,-18.029999999998836,0
122,2019-07-29 16:00:00,0.8518815104166687,0.7127790798611104,0.10790407986111113,0.2118029513888894,0.04021527777777774,0.07541666666666663,0.1551301649305558,0.1488731770833335,9540.89,9645.14,9393.54,9517.62,3966.13,37768017.24,23.269999999998618,1
123,2019-07-29 17:00:00,0.8468398299078668,0.7045329553508148,0.11511481218993631,0.23167257264351523,0.03803968816442238,0.06379659815733524,0.17735209071580463,0.18413182140326032,9481.6,9547.47,9412.32,9540.89,2440.58,23162786.61,-59.289999999999054,0
124,2019-07-29 18:00:00,0.854377118644067,0.722133474576271,0.10580762711864389,0.20736228813559338,0.03982161016949153,0.07050847457627117,0.14894610169491537,0.1476291525423729,9503.68,9516.82,9444.02,9481.6,996.32,9445772.94,22.079999999999927,1
125,2019-07-29 19:00:00,0.8554325230511316,0.7178373847443412,0.10895347862531422,0.21401886001676457,0.03561693210393964,0.06814459346186084,0.17400938809723349,0.1660406538139145,9476.5,9516.6,9476.5,9503.68,650.9,6186421.03,-27.18000000000029,0
126,2019-07-29 20:00:00,0.8568770270270284,0.7244076576576575,0.10538243243243234,0.20406981981982028,0.03774414414414413,0.07152117117117121,0.1604488738738741,0.14883261261261257,9520.83,9527.47,9467.58,9476.5,859.89,8167090.93,44.32999999999993,1
127,2019-07-29 21:00:00,0.8446946291560118,0.7046337595907928,0.11169462915601032,0.2148874680306905,0.043616368286444995,0.08047672634271089,0.16412419437340192,0.1522979028132994,9504.49,9536.86,9501.8,9520.83,838.07,7989435.04,-16.340000000000146,0
128,2019-07-29 22:00:00,0.8563887339654219,0.7209654210819846,0.10134857780256532,0.20476854433909666,0.04225822643614054,0.07426547685443396,0.13050317902955955,0.13452744004461809,9513.09,9525.37,9486.36,9504.49,489.77,4659277.37,8.600000000000364,1
129,2019-07-29 23:00:00,0.8446050913838112,0.7053674934725856,0.1156671018276762,0.22195561357702384,0.03973302872062666,0.07267428198433422,0.17557610966057483,0.16338511749347293,9506.93,9526.51,9437.7,9513.09,1202.59,11417618.89,-6.1599999999998545,0
130,2019-07-30 00:00:00,0.8469709715639819,0.7052186018957345,0.11010248815165889,0.2142695497630336,0.04293127962085306,0.08051007109004742,0.15326178909952626,0.14798672985782027,9520.66,9528.4,9503.73,9506.93,430.38,4101223.89,13.729999999999563,1
131,2019-07-30 01:00:00,0.8465238718116419,0.7109254414650095,0.11111118378024847,0.211858731196861,0.042359712230215826,0.07721386527141931,0.15770896010464383,0.15071523871811643,9471.93,9522.62,9464.57,9520.66,595.78,5661304.88,-48.72999999999956,0
132,2019-07-30 02:00:00,0.8502177747625498,0.7208846675712348,0.10723744911804613,0.21091858887381246,0.04254681139755768,0.06819945725915876,0.14968717774762572,0.15449559023066486,9412.84,9481.79,9391.78,9471.93,1611.59,15204259.74,-59.090000000000146,0
133,2019-07-30 03:00:00,0.8458622589531691,0.712128787878788,0.11323622589531673,0.2136170798898073,0.04089325068870526,0.07425344352617079,0.16748760330578538,0.16014022038567519,9434.0,9439.29,9395.91,9412.84,792.74,7474973.56,21.159999999999854,1
134,2019-07-30 04:00:00,0.8466910394265237,0.7198681003584219,0.1134810035842294,0.2109641577060931,0.03983154121863804,0.06916630824372763,0.16465118279569896,0.15212401433691758,9425.46,9447.61,9422.18,9434.0,548.06,5177400.68,-8.540000000000873,0
135,2019-07-30 05:00:00,0.8440835755813947,0.7042514534883721,0.11619331395348846,0.22740552325581406,0.039726017441860495,0.06834593023255811,0.16911046511627922,0.17334367732558167,9448.31,9453.65,9407.9,9425.46,813.73,7679278.5,22.850000000000364,1
136,2019-07-30 06:00:00,0.8561189060642095,0.7220737217598091,0.10406004756242572,0.2089375743162904,0.03982520808561237,0.06898394768133174,0.14688079667063025,0.14822282996432834,9504.37,9523.52,9447.45,9448.31,1122.75,10658659.96,56.06000000000131,1
137,2019-07-30 07:00:00,0.854446504237288,0.719246822033899,0.10870074152542361,0.21302913135593263,0.036854343220338995,0.06772245762711865,0.16704337923728835,0.16650677966101715,9495.73,9509.18,9484.86,9504.37,474.37,4509404.24,-8.640000000001237,0
138,2019-07-30 08:00:00,0.8609564958283665,0.7343390941597147,0.11278724672228836,0.21447258641239605,0.02626281287246722,0.05118951132300358,0.1993927294398092,0.1828262216924912,9483.46,9522.47,9468.59,9495.73,526.6,5010829.77,-12.270000000000437,0
139,2019-07-30 09:00:00,0.8572338227297454,0.7289233278955947,0.10685970636215329,0.2091908646003266,0.035908102229472515,0.06188961392060907,0.16749293094072903,0.1634814573137577,9487.93,9499.35,9471.28,9483.46,362.9,3449744.05,4.470000000001164,1
140,2019-07-30 10:00:00,0.8441007234279345,0.7064652198107947,0.11827601558152455,0.22469894268224866,0.03762604340567614,0.06884529771841956,0.18999532554257115,0.1760724540901505,9499.54,9523.58,9471.22,9487.93,627.15,5961058.99,11.610000000000582,1
141,2019-07-30 11:00:00,0.8591377477042061,0.7291952634122766,0.1066365393910101,0.20902078298695062,0.03422812953117451,0.06178298695021748,0.1620594490091829,0.15607626872885463,9538.05,9603.47,9470.16,9499.54,1817.6,17330342.48,38.5099999999984,1
142,2019-07-30 12:00:00,0.8475375647668395,0.7045885146804836,0.11246200345423121,0.22862521588946494,0.04000129533678756,0.06678367875647664,0.16809883419689142,0.17510617443868756,9548.72,9606.51,9528.66,9538.05,1998.29,19125275.98,10.670000000000073,1
143,2019-07-30 13:00:00,0.8560374396135267,0.7235966183574879,0.10906481481481495,0.21268276972624783,0.03489653784219004,0.06371980676328506,0.16983438003220583,0.1605903381642511,9557.14,9567.62,9539.13,9548.72,757.76,7240437.21,8.420000000000073,1
144,2019-07-30 14:00:00,0.8536589704769127,0.7176714610143833,0.10746744890234683,0.21373580620741894,0.03887358062074188,0.0685968962906889,0.15643077214231665,0.1556628311884935,9561.92,9583.91,9546.87,9557.14,1095.64,10481245.82,4.780000000000655,1
145,2019-07-30 15:00:00,0.8542784883720924,0.7248784883720942,0.10622209302325573,0.20621511627906983,0.039501162790697694,0.06891453488372093,0.14959360465116295,0.14610244186046545,9699.85,9749.53,9561.69,9561.92,4818.62,46689706.28,137.9300000000003,1
149,2019-07-30 19:00:00,0.8616962305986693,0.7315624538063564,0.10571470805617143,0.2047324464153732,0.03258832224685884,0.06370509977827055,0.16874042867701416,0.15742535107169262,9608.34,9666.6,9524.86,9646.41,2411.29,23104047.18,-38.06999999999971,0
150,2019-07-30 20:00:00,0.8508324396782844,0.7189240393208227,0.11082663092046459,0.20795576407506727,0.038332886505808725,0.07311483467381591,0.1664263181411976,0.15097292225201087,9542.21,9626.59,9534.99,9608.34,1260.06,12075446.22,-66.13000000000102,0
151,2019-07-30 21:00:00,0.8537857862903231,0.7287283266129029,0.1084702620967742,0.19911995967741944,0.03774445564516131,0.07214566532258063,0.15913377016129046,0.13950015120967765,9588.45,9590.41,9527.58,9542.21,816.29,7809541.15,46.2400000000016,1
152,2019-07-30 22:00:00,0.8494267806267813,0.7206603988603976,0.1099230769230767,0.2078934472934471,0.040643874643874645,0.07144672364672364,0.15932672364672376,0.153349515669516,9582.39,9651.71,9576.48,9588.45,1167.09,11216415.84,-6.06000000000131,0
153,2019-07-30 23:00:00,0.8516410256410257,0.7147644603458544,0.11166428145497911,0.21876982707215245,0.036699463327370285,0.06646451997614788,0.16825158020274322,0.1621449016100181,9595.52,9615.31,9579.68,9582.39,559.82,5381200.11,13.130000000001019,1
154,2019-07-31 00:00:00,0.8551941875825627,0.7175475561426675,0.10853896961690865,0.21391017173051527,0.03626816380449143,0.0685455746367239,0.16535924702774127,0.15760885072655245,9712.01,9715.83,9581.6,9595.52,2072.58,20049091.36,116.48999999999978,1
155,2019-07-31 01:00:00,0.8476490747087049,0.7111261137765595,0.11231734064427701,0.2191473612063058,0.04002056202878685,0.06972583961617547,0.16500795065113108,0.1643685400959565,9714.15,9731.66,9672.03,9712.01,1320.52,12819527.83,2.139999999999418,1
156,2019-07-31 02:00:00,0.8487680763983629,0.7097619372442011,0.11306548431105047,0.21821077762619376,0.03817121418826742,0.07203001364256484,0.16397053206002757,0.1546071623465214,9687.22,9714.55,9676.45,9714.15,518.29,5027478.8,-26.93000000000029,0
157,2019-07-31 03:00:00,0.8473040293040286,0.7032014652014641,0.11723589743589742,0.22770402930402933,0.03545567765567766,0.06909450549450545,0.18419523809523822,0.1725223443223447,9687.31,9694.77,9654.21,9687.22,749.91,7271491.58,0.09000000000014552,1
158,2019-07-31 04:00:00,0.8494454873646209,0.7130916967509023,0.10906498194945835,0.20957906137184135,0.04149097472924188,0.07732924187725634,0.15422259927797863,0.14730548736462096,9685.8,9693.7,9660.36,9687.31,659.47,6390386.49,-1.5100000000002183,0
159,2019-07-31 05:00:00,0.8538543140028297,0.7165919377652058,0.10898514851485144,0.21579702970296993,0.03715629420084864,0.06761386138613862,0.16393981612446987,0.16411428571428593,9708.77,9785.18,9685.6,9685.8,2268.18,22104536.18,22.970000000001164,1
160,2019-07-31 06:00:00,0.8525339038841354,0.7210757077024359,0.11257208689927581,0.21235352205398272,0.03489861751152072,0.06657537853851221,0.17134930875576057,0.16108189598420042,9774.91,9788.08,9705.68,9708.77,1196.6,11674875.54,66.13999999999942,1
161,2019-07-31 07:00:00,0.8545263440860218,0.7192166666666661,0.10734623655913984,0.21392150537634402,0.03813172043010753,0.06686290322580646,0.15446903225806471,0.1564512365591401,9741.09,9816.92,9737.7,9774.91,1390.95,13598125.68,-33.81999999999971,0
162,2019-07-31 08:00:00,0.855625073920756,0.7236339444115921,0.10778296865759897,0.2133441750443525,0.03659018332347724,0.06302128917800122,0.16199059727971632,0.1644373151981078,9761.44,9780.89,9739.72,9741.09,768.3,7502290.27,20.350000000000364,1
163,2019-07-31 09:00:00,0.8457264623955445,0.7144529247910855,0.12439554317548734,0.23088300835654615,0.029880222841225625,0.054657938718662966,0.18869699164345402,0.180101894150418,9767.36,9768.26,9733.58,9761.44,782.22,7630332.42,5.920000000000073,1
164,2019-07-31 10:00:00,0.852871610403986,0.723567791920311,0.11582346430547881,0.21891090204759303,0.03131156613171001,0.05752462645268403,0.18613812949640302,0.1686868843386831,9777.33,9793.37,9756.39,9767.36,857.97,8382619.79,9.969999999999345,1
165,2019-07-31 11:00:00,0.8529805389221555,0.7185868263473055,0.11212425149700604,0.22114770459081826,0.03489670658682638,0.06027445109780439,0.16929201596806426,0.1716543413173657,9767.88,9780.9,9756.63,9777.33,853.01,8346304.34,-9.450000000000728,0
166,2019-07-31 12:00:00,0.8554798177083329,0.7297180989583342,0.10819466145833322,0.1994817708333334,0.036325520833333326,0.0708014322916667,0.1570344401041668,0.14031529947916682,9836.97,9890.95,9767.84,9767.88,3737.28,36765136.7,69.09000000000015,1
167,2019-07-31 13:00:00,0.8548388003748836,0.7182825679475154,0.10515932521087155,0.20981958762886627,0.04000421743205249,0.07189597000937208,0.14746185567010317,0.1480796626054358,9960.92,9961.26,9836.92,9836.97,2989.99,29588981.03,123.95000000000073,1
168,2019-07-31 14:00:00,0.8544218061674025,0.7207922173274584,0.10363142437591762,0.2024831130690163,0.04194456681350949,0.07672797356828193,0.14053821585903076,0.13623854625550644,9967.77,10046.89,9939.37,9960.92,3811.02,38074174.28,6.850000000000364,1
169,2019-07-31 15:00:00,0.853228024042074,0.7221788129226134,0.10946506386175787,0.20961269722013534,0.037305409466566485,0.0682077385424493,0.167564124718257,0.1539488354620585,10055.97,10092.67,9967.77,9967.77,4073.32,40897576.83,88.19999999999891,1
170,2019-07-31 16:00:00,0.848046894282187,0.7103385438091315,0.11294076511723572,0.21585972850678734,0.03901234060057595,0.07380378445084324,0.1657819004524889,0.15977782805429883,9990.82,10123.94,9972.42,10055.97,3640.45,36553157.2,-65.14999999999964,0
171,2019-07-31 17:00:00,0.8533550212164067,0.7185294672324383,0.10990806223479492,0.2123451202263086,0.03673785950023573,0.06912918434700616,0.1714909005186233,0.15894714757190012,10031.33,10039.27,9974.27,9990.82,1490.01,14922002.11,40.51000000000022,1
172,2019-07-31 18:00:00,0.8498973789426936,0.7171341625944028,0.10298622834295866,0.20180630830741916,0.04711150599733449,0.08106130608618398,0.1309194135939583,0.13463749444691273,9990.53,10037.39,9964.53,10031.33,1711.22,17104523.7,-40.79999999999927,0
173,2019-07-31 19:00:00,0.8533204369594912,0.7152157487482936,0.10649066909421939,0.21597451069640422,0.040190714610832935,0.06881292671825218,0.15243145197997277,0.1604547109695039,9999.58,10018.6,9988.88,9990.53,1046.78,10465014.54,9.049999999999272,1
174,2019-07-31 20:00:00,0.8545608755129964,0.7245134518923837,0.10351436388508892,0.2035462836297311,0.04192248062015502,0.07194710442316463,0.14204423164614685,0.1401743274053809,10029.43,10068.52,9999.24,9999.58,1924.39,19325387.63,29.850000000000364,1
175,2019-07-31 21:00:00,0.8489679658302185,0.7099631607047507,0.10819914575547238,0.2167026161238657,0.042837693539775755,0.07333796049119057,0.15445915643352914,0.16149615589962626,10049.74,10056.44,10016.41,10029.43,981.65,9865019.85,20.30999999999949,1
176,2019-07-31 22:00:00,0.8585248924400734,0.7242587584511375,0.10039090350338033,0.20037123540258123,0.04110141364474493,0.07537553779963127,0.13880092194222513,0.13986705593116178,10014.56,10054.31,9988.53,10049.74,1256.93,12594523.51,-35.18000000000029,0
177,2019-07-31 23:00:00,0.8495213559322036,0.7210583050847467,0.10623796610169498,0.20738644067796605,0.044233898305084694,0.07155864406779662,0.1426075254237288,0.14632969491525435,10089.25,10100.12,10005.23,10014.56,1928.97,19390584.88,74.69000000000051,1
178,2019-08-01 00:00:00,0.8486105060858429,0.7134708520179363,0.11231838565022408,0.21800576553491327,0.039068545803971795,0.06852978859705318,0.16660000000000014,0.1610994875080078,10054.28,10164.91,10046.36,10089.25,2528.09,25547068.8,-34.969999999999345,0
179,2019-08-01 01:00:00,0.8555539280958719,0.7235818908122504,0.1070685752330227,0.20916111850865515,0.03737683089214381,0.06725832223701735,0.15710026631158475,0.15273715046604544,10036.94,10067.54,10002.38,10054.28,1317.84,13226575.78,-17.340000000000146,0
180,2019-08-01 02:00:00,0.8490817694369985,0.71408109919571,0.11242158176943706,0.22023793565683672,0.038492627345844514,0.06568833780160861,0.16516715817694386,0.16379631367292255,10041.13,10046.23,10013.46,10036.94,964.04,9684923.34,4.18999999999869,1
181,2019-08-01 03:00:00,0.8514019543973929,0.7166162866449506,0.11019674267100976,0.21597719869706838,0.038400651465798054,0.06741172638436486,0.16318657980456044,0.1631418892508147,10009.86,10042.3,9988.97,10041.13,1123.05,11258249.77,-31.269999999998618,0
182,2019-08-01 04:00:00,0.846327626459144,0.7024210116731526,0.11385680933852123,0.22248638132295728,0.03980544747081716,0.07509105058365756,0.17115276264591445,0.16073704280155637,9990.42,10016.73,9953.59,10009.86,1408.48,14052939.44,-19.44000000000051,0
183,2019-08-01 05:00:00,0.8557686131386858,0.7223481751824818,0.10661094890510944,0.2103204379562044,0.03762189781021892,0.06733138686131385,0.1611653284671533,0.1580523357664234,9930.5,10002.58,9911.78,9990.42,1314.97,13075925.15,-59.92000000000007,0
184,2019-08-01 06:00:00,0.8450165061898212,0.7041059147180191,0.11549999999999987,0.2229841815680879,0.039477991746905104,0.07290646492434666,0.17101740027510348,0.16382180192572257,9964.66,9970.56,9890.49,9930.5,2372.9,23563617.95,34.159999999999854,1
185,2019-08-01 07:00:00,0.8525306838106379,0.7270549386323786,0.10821917007597888,0.20905669199298646,0.03925540619520746,0.06389070718877848,0.1582681472822914,0.16091040327294023,9974.32,9992.54,9951.97,9964.66,824.53,8239102.18,9.659999999999854,1
186,2019-08-01 08:00:00,0.8504214239897377,0.71095766516998,0.1101340602950608,0.2149679281590766,0.03944130853110972,0.07407568954457987,0.16020429762668414,0.15204830019243132,9986.91,10000.31,9974.29,9974.32,501.78,5014725.01,12.590000000000146,1
187,2019-08-01 09:00:00,0.8540616113744073,0.7298240521327019,0.11092654028436015,0.20390758293838843,0.03501125592417061,0.06627310426540291,0.17454597156398144,0.1538549763033178,9963.16,9986.91,9937.15,9986.91,1162.49,11573970.65,-23.75,0
188,2019-08-01 10:00:00,0.8585413533834588,0.7123765182186227,0.10739271255060712,0.213493927125506,0.03406651243493351,0.07413071139386931,0.16604858299595168,0.15148189705031836,9954.02,9965.28,9923.68,9963.16,580.97,5777992.81,-9.139999999999418,0
189,2019-08-01 11:00:00,0.8532339214570289,0.7022794536141141,0.11019237336368812,0.22615310187820148,0.03657313602731929,0.0715697211155379,0.17253124644280024,0.16872367672168473,9975.79,9980.92,9934.3,9954.02,551.76,5499473.42,21.770000000000437,1
190,2019-08-01 12:00:00,0.8540027675276751,0.7211577490774904,0.10882518450184504,0.21369003690036945,0.03717297047970476,0.0651572878228782,0.16996369926199256,0.1638169280442804,10031.17,10041.08,9972.51,9975.79,1954.43,19577838.2,55.3799999999992,1
191,2019-08-01 13:00:00,0.8530481128162607,0.7164923268353376,0.10845997511406044,0.21447698050601416,0.03849025300705103,0.06903069265864789,0.1660667772708419,0.16005852343425966,10054.22,10065.43,10018.49,10031.17,1243.28,12486462.53,23.049999999999272,1
192,2019-08-01 14:00:00,0.8564893071000867,0.7277917023096659,0.10598203592814373,0.20558169375534677,0.037524807527801546,0.0666300256629597,0.1556845594525235,0.15502335329341324,10003.4,10054.22,9989.38,10054.22,1281.07,12837401.9,-50.81999999999971,0
193,2019-08-01 15:00:00,0.8618424855491329,0.7355281791907522,0.10008020231213881,0.20332803468208077,0.038076589595375715,0.061143786127167685,0.1440919797687862,0.15245491329479774,10024.67,10030.37,9978.88,10003.4,1057.52,10581961.57,21.270000000000437,1
194,2019-08-01 16:00:00,0.8498765770707619,0.7123236423477785,0.10980526604498074,0.21306801974766904,0.04031157432803071,0.07461437191442678,0.16026006582556246,0.15634344487109172,10070.55,10073.76,10015.68,10024.67,1564.45,15739797.34,45.8799999999992,1
195,2019-08-01 17:00:00,0.8579279525763805,0.7228755129958951,0.10353716370269037,0.2042503419972642,0.0385371637026904,0.072875056999544,0.1480825353397174,0.14253511171910635,10110.64,10120.87,10031.44,10070.55,1792.6,18057939.75,40.090000000000146,1
196,2019-08-01 18:00:00,0.8596987207763559,0.7257763564181733,0.10044728716365244,0.20134891927657692,0.039851345390383756,0.07287207763564181,0.13643105425672702,0.13664936038817807,10191.29,10213.07,10095.13,10110.64,3363.81,34173800.43,80.65000000000146,1
197,2019-08-01 19:00:00,0.8562496685815298,0.7331171011931067,0.10027706584180283,0.1962222713212553,0.04347724259832079,0.07065974370304903,0.135364869642068,0.14007693327441437,10293.04,10333.06,10191.2,10191.29,4812.72,49444054.58,101.75,1
198,2019-08-01 20:00:00,0.8581364605543698,0.7322008528784639,0.09678123667377395,0.191068230277186,0.045080170575692906,0.07673731343283575,0.11839722814498932,0.12598136460554382,10412.11,10488.81,10293.04,10293.04,6858.7,71316350.37,119.06999999999971,1
199,2019-08-01 21:00:00,0.8530154162384389,0.7257435765673173,0.10821736896197325,0.20742857142857163,0.03876824254881812,0.06683042137718401,0.15421808838643394,0.1518093525179857,10417.21,10438.13,10378.96,10412.11,2383.58,24797977.24,5.099999999998545,1
200,2019-08-01 22:00:00,0.8494222737819036,0.7128294663573091,0.1089112529002321,0.2204472157772625,0.04166415313225062,0.06672331786542922,0.15876334106728543,0.16816206496519745,10403.97,10443.92,10379.65,10417.21,1400.44,14588662.71,-13.239999999999782,0
201,2019-08-01 23:00:00,0.8494696774193546,0.7071161290322583,0.11058258064516135,0.21460064516129057,0.03994129032258066,0.07828193548387098,0.15894561290322598,0.15206812903225805,10409.79,10428.49,10386.76,10403.97,1141.64,11920531.13,5.820000000001528,1
202,2019-08-02 00:00:00,0.8515687779910427,0.7129155470249516,0.10722520793346114,0.21080614203454906,0.04120729366602688,0.07628023032629556,0.1563542546385158,0.14701388355726178,10402.82,10455.87,10340.82,10409.79,2213.41,23018386.13,-6.970000000001164,0
203,2019-08-02 01:00:00,0.8536293222683264,0.7160746887966805,0.10448063623789765,0.2071341632088517,0.04189073305670817,0.07679322268326418,0.1430735822959893,0.1432824343015216,10405.15,10423.96,10385.95,10402.82,703.39,7339925.97,2.3299999999999272,1
204,2019-08-02 02:00:00,0.8498014804845233,0.712914535666219,0.10824158815612382,0.21530148048452227,0.04196500672947511,0.07178331090174965,0.158455248990579,0.16158203230148066,10415.7,10431.76,10403.05,10405.15,666.46,6950759.76,10.550000000001091,1
205,2019-08-02 03:00:00,0.8352709163346621,0.6966533864541831,0.12537848605577687,0.22807171314741026,0.039350597609561756,0.07528685258964145,0.18121752988047815,0.1524816733067729,10365.18,10418.15,10364.83,10415.7,1280.07,13315218.1,-50.52000000000044,0
210,2019-08-02 08:00:00,0.8608457943925234,0.727696261682243,0.10163084112149534,0.20054205607476633,0.037528037383177566,0.07175700934579439,0.16106261682243,0.13909532710280373,10515.57,10543.78,10497.62,10543.31,1087.25,11429439.37,-27.73999999999978,0
