Series,Time,Value
Fees in satoshis / TX,2019-06-17T11:30:00.000Z,32247.051559947246
Fees in satoshis / TX,2019-06-17T12:20:00.000Z,31067.296304283453
Fees in satoshis / TX,2019-06-17T13:10:00.000Z,36563.683453128906
Fees in satoshis / TX,2019-06-17T14:00:00.000Z,32184.70492662565
Fees in satoshis / TX,2019-06-17T14:50:00.000Z,41198.48846338289
Fees in satoshis / TX,2019-06-17T15:40:00.000Z,38512.43908391555
Fees in satoshis / TX,2019-06-17T16:30:00.000Z,35172.40419211193
Fees in satoshis / TX,2019-06-17T17:20:00.000Z,35498.54221217472
Fees in satoshis / TX,2019-06-17T18:10:00.000Z,37094.09699282233
Fees in satoshis / TX,2019-06-17T19:00:00.000Z,32877.22192794317
Fees in satoshis / TX,2019-06-17T19:50:00.000Z,32256.315176149557
Fees in satoshis / TX,2019-06-17T20:40:00.000Z,34459.83410685308
Fees in satoshis / TX,2019-06-17T21:30:00.000Z,35239.93293741415
Fees in satoshis / TX,2019-06-17T22:20:00.000Z,37356.99561940072
Fees in satoshis / TX,2019-06-17T23:10:00.000Z,35657.0925203892
Fees in satoshis / TX,2019-06-18T00:00:00.000Z,31990.356307216534
Fees in satoshis / TX,2019-06-18T00:50:00.000Z,28367.934578536624
Fees in satoshis / TX,2019-06-18T01:40:00.000Z,36380.43014498244
Fees in satoshis / TX,2019-06-18T02:30:00.000Z,37273.42952727337
Fees in satoshis / TX,2019-06-18T03:20:00.000Z,36002.05185742868
Fees in satoshis / TX,2019-06-18T04:10:00.000Z,35454.23051650744
Fees in satoshis / TX,2019-06-18T05:00:00.000Z,34669.97481786237
Fees in satoshis / TX,2019-06-18T05:50:00.000Z,30924.708062908543
Fees in satoshis / TX,2019-06-18T06:40:00.000Z,31174.63738926412
Fees in satoshis / TX,2019-06-18T07:30:00.000Z,31765.26069265497
Fees in satoshis / TX,2019-06-18T08:20:00.000Z,28466.24596555887
Fees in satoshis / TX,2019-06-18T09:10:00.000Z,32542.45301860416
Fees in satoshis / TX,2019-06-18T10:00:00.000Z,31235.75341091507
Fees in satoshis / TX,2019-06-18T10:50:00.000Z,28154.573285746686
Fees in satoshis / TX,2019-06-18T11:40:00.000Z,28723.485307541938
Fees in satoshis / TX,2019-06-18T12:30:00.000Z,31765.104686176295
Fees in satoshis / TX,2019-06-18T13:20:00.000Z,27610.227586946985
Fees in satoshis / TX,2019-06-18T14:10:00.000Z,26333.684252508236
Fees in satoshis / TX,2019-06-18T15:00:00.000Z,29584.34354744836
Fees in satoshis / TX,2019-06-18T15:50:00.000Z,35560.9763155004
Fees in satoshis / TX,2019-06-18T16:40:00.000Z,29534.38546892527
Fees in satoshis / TX,2019-06-18T17:30:00.000Z,30551.58852953946
Fees in satoshis / TX,2019-06-18T18:20:00.000Z,41485.672133188964
Fees in satoshis / TX,2019-06-18T19:10:00.000Z,32147.231031959684
Fees in satoshis / TX,2019-06-18T20:00:00.000Z,29758.2210287632
Fees in satoshis / TX,2019-06-18T20:50:00.000Z,30078.433403761206
Fees in satoshis / TX,2019-06-18T21:40:00.000Z,28681.517995752685
Fees in satoshis / TX,2019-06-18T22:30:00.000Z,27423.382088196133
Fees in satoshis / TX,2019-06-18T23:20:00.000Z,19240.157109376352
Fees in satoshis / TX,2019-06-19T00:10:00.000Z,20393.333343035647
Fees in satoshis / TX,2019-06-19T01:00:00.000Z,24709.883061815824
Fees in satoshis / TX,2019-06-19T01:50:00.000Z,31118.489450009765
Fees in satoshis / TX,2019-06-19T02:40:00.000Z,26361.205064955982
Fees in satoshis / TX,2019-06-19T03:30:00.000Z,26127.848707303194
Fees in satoshis / TX,2019-06-19T04:20:00.000Z,27284.214408810796
Fees in satoshis / TX,2019-06-19T05:10:00.000Z,25151.75917382446
Fees in satoshis / TX,2019-06-19T06:00:00.000Z,26313.864063712692
Fees in satoshis / TX,2019-06-19T06:50:00.000Z,23705.201255570973
Fees in satoshis / TX,2019-06-19T07:40:00.000Z,28135.345370138693
Fees in satoshis / TX,2019-06-19T08:30:00.000Z,32676.263730700874
Fees in satoshis / TX,2019-06-19T09:20:00.000Z,33262.7876181288
Fees in satoshis / TX,2019-06-19T10:10:00.000Z,24910.932318098377
Fees in satoshis / TX,2019-06-19T11:00:00.000Z,28051.723256541365
Fees in satoshis / TX,2019-06-19T11:50:00.000Z,34902.135246800906
Fees in satoshis / TX,2019-06-19T12:40:00.000Z,33894.80814396756
Fees in satoshis / TX,2019-06-19T13:30:00.000Z,36665.16109280039
Fees in satoshis / TX,2019-06-19T14:20:00.000Z,33652.96992435661
Fees in satoshis / TX,2019-06-19T15:10:00.000Z,31771.695519167108
Fees in satoshis / TX,2019-06-19T16:00:00.000Z,29811.345631296503
Fees in satoshis / TX,2019-06-19T16:50:00.000Z,26341.996868950017
Fees in satoshis / TX,2019-06-19T17:40:00.000Z,24136.274534900476
Fees in satoshis / TX,2019-06-19T18:30:00.000Z,22205.221727187658
Fees in satoshis / TX,2019-06-19T19:20:00.000Z,20369.044488663574
Fees in satoshis / TX,2019-06-19T20:10:00.000Z,18352.981925670847
Fees in satoshis / TX,2019-06-19T21:00:00.000Z,16981.5130036595
Fees in satoshis / TX,2019-06-19T21:50:00.000Z,30918.025934336405
Fees in satoshis / TX,2019-06-19T22:40:00.000Z,24853.84410644207
Fees in satoshis / TX,2019-06-19T23:30:00.000Z,20077.51729030527
Fees in satoshis / TX,2019-06-20T00:20:00.000Z,21175.71773368456
Fees in satoshis / TX,2019-06-20T01:10:00.000Z,24155.554332796877
Fees in satoshis / TX,2019-06-20T02:00:00.000Z,24159.034961448226
Fees in satoshis / TX,2019-06-20T02:50:00.000Z,33406.61826832636
Fees in satoshis / TX,2019-06-20T03:40:00.000Z,38343.94333615042
Fees in satoshis / TX,2019-06-20T04:30:00.000Z,35154.7417300553
Fees in satoshis / TX,2019-06-20T05:20:00.000Z,32516.325494894747
Fees in satoshis / TX,2019-06-20T06:10:00.000Z,32499.00714766569
Fees in satoshis / TX,2019-06-20T07:00:00.000Z,32796.85252277576
Fees in satoshis / TX,2019-06-20T07:50:00.000Z,30686.388123503875
Fees in satoshis / TX,2019-06-20T08:40:00.000Z,34076.257276087585
Fees in satoshis / TX,2019-06-20T09:30:00.000Z,33324.17346953721
Fees in satoshis / TX,2019-06-20T10:20:00.000Z,27713.54677963566
Fees in satoshis / TX,2019-06-20T11:10:00.000Z,29484.977499946155
Fees in satoshis / TX,2019-06-20T12:00:00.000Z,34816.85342421271
Fees in satoshis / TX,2019-06-20T12:50:00.000Z,42505.85845065887
Fees in satoshis / TX,2019-06-20T13:40:00.000Z,41532.12727907231
Fees in satoshis / TX,2019-06-20T14:30:00.000Z,36925.97072279057
Fees in satoshis / TX,2019-06-20T15:20:00.000Z,34560.19357783203
Fees in satoshis / TX,2019-06-20T16:10:00.000Z,35597.25310355026
Fees in satoshis / TX,2019-06-20T17:00:00.000Z,29732.499513380113
Fees in satoshis / TX,2019-06-20T17:50:00.000Z,34722.76966523066
Fees in satoshis / TX,2019-06-20T18:40:00.000Z,30654.26187549241
Fees in satoshis / TX,2019-06-20T19:30:00.000Z,33393.61540468764
Fees in satoshis / TX,2019-06-20T20:20:00.000Z,30160.783407558618
Fees in satoshis / TX,2019-06-20T21:10:00.000Z,39501.76547770258
Fees in satoshis / TX,2019-06-20T22:00:00.000Z,34746.492546376336
Fees in satoshis / TX,2019-06-20T22:50:00.000Z,27962.830310742174
Fees in satoshis / TX,2019-06-20T23:40:00.000Z,32614.662356287135
Fees in satoshis / TX,2019-06-21T00:30:00.000Z,30712.415580804372
Fees in satoshis / TX,2019-06-21T01:20:00.000Z,37701.099396961894
Fees in satoshis / TX,2019-06-21T02:10:00.000Z,35139.130205703674
Fees in satoshis / TX,2019-06-21T03:00:00.000Z,39325.61634868041
Fees in satoshis / TX,2019-06-21T03:50:00.000Z,37188.98474812815
Fees in satoshis / TX,2019-06-21T04:40:00.000Z,38153.266819717406
Fees in satoshis / TX,2019-06-21T05:30:00.000Z,36517.82843675352
Fees in satoshis / TX,2019-06-21T06:20:00.000Z,36157.50307953272
Fees in satoshis / TX,2019-06-21T07:10:00.000Z,33926.46127569715
Fees in satoshis / TX,2019-06-21T08:00:00.000Z,38550.20671119461
Fees in satoshis / TX,2019-06-21T08:50:00.000Z,43641.153892464754
Fees in satoshis / TX,2019-06-21T09:40:00.000Z,35501.15728004161
Fees in satoshis / TX,2019-06-21T10:30:00.000Z,32365.72485091385
Fees in satoshis / TX,2019-06-21T11:20:00.000Z,31749.68397614424
Fees in satoshis / TX,2019-06-21T12:10:00.000Z,40916.28752899004
Fees in satoshis / TX,2019-06-21T13:00:00.000Z,37041.592222313884
Fees in satoshis / TX,2019-06-21T13:50:00.000Z,37783.867374868496
Fees in satoshis / TX,2019-06-21T14:40:00.000Z,33277.75656898929
Fees in satoshis / TX,2019-06-21T15:30:00.000Z,37201.23336157748
Fees in satoshis / TX,2019-06-21T16:20:00.000Z,32050.072579542833
Fees in satoshis / TX,2019-06-21T17:10:00.000Z,30427.87062171939
Fees in satoshis / TX,2019-06-21T18:00:00.000Z,33546.36164024343
Fees in satoshis / TX,2019-06-21T18:50:00.000Z,43572.41113312948
Fees in satoshis / TX,2019-06-21T19:40:00.000Z,33191.019978211625
Fees in satoshis / TX,2019-06-21T20:30:00.000Z,32387.5774125768
Fees in satoshis / TX,2019-06-21T21:20:00.000Z,30344.802502181905
Fees in satoshis / TX,2019-06-21T22:10:00.000Z,30035.371122413566
Fees in satoshis / TX,2019-06-21T23:00:00.000Z,30771.40771609928
Fees in satoshis / TX,2019-06-21T23:50:00.000Z,30724.579699855192
Fees in satoshis / TX,2019-06-22T00:40:00.000Z,32195.32122139777
Fees in satoshis / TX,2019-06-22T01:30:00.000Z,38260.61342315942
Fees in satoshis / TX,2019-06-22T02:20:00.000Z,35943.49146532156
Fees in satoshis / TX,2019-06-22T03:10:00.000Z,31674.34344819312
Fees in satoshis / TX,2019-06-22T04:00:00.000Z,37093.992600141915
Fees in satoshis / TX,2019-06-22T04:50:00.000Z,32066.560113021736
Fees in satoshis / TX,2019-06-22T05:40:00.000Z,35653.56467523907
Fees in satoshis / TX,2019-06-22T06:30:00.000Z,37866.59337242403
Fees in satoshis / TX,2019-06-22T07:20:00.000Z,30626.642933930038
Fees in satoshis / TX,2019-06-22T08:10:00.000Z,32154.90427454685
Fees in satoshis / TX,2019-06-22T09:00:00.000Z,31982.69997295619
Fees in satoshis / TX,2019-06-22T09:50:00.000Z,35120.36061809967
Fees in satoshis / TX,2019-06-22T10:40:00.000Z,38505.84563178863
Fees in satoshis / TX,2019-06-22T11:30:00.000Z,38794.7517473045
Fees in satoshis / TX,2019-06-22T12:20:00.000Z,35817.67290136458
Fees in satoshis / TX,2019-06-22T13:10:00.000Z,43228.63397135452
Fees in satoshis / TX,2019-06-22T14:00:00.000Z,38775.726338732056
Fees in satoshis / TX,2019-06-22T14:50:00.000Z,36696.392822577145
Fees in satoshis / TX,2019-06-22T15:40:00.000Z,39504.62792722478
Fees in satoshis / TX,2019-06-22T16:30:00.000Z,34617.00039735436
Fees in satoshis / TX,2019-06-22T17:20:00.000Z,38140.90037779746
Fees in satoshis / TX,2019-06-22T18:10:00.000Z,34362.336382296824
Fees in satoshis / TX,2019-06-22T19:00:00.000Z,30401.061088093567
Fees in satoshis / TX,2019-06-22T19:50:00.000Z,29934.91262926792
Fees in satoshis / TX,2019-06-22T20:40:00.000Z,26576.780143981257
Fees in satoshis / TX,2019-06-22T21:30:00.000Z,27791.969922896056
Fees in satoshis / TX,2019-06-22T22:20:00.000Z,26074.66177340581
Fees in satoshis / TX,2019-06-22T23:10:00.000Z,25107.544834957887
Fees in satoshis / TX,2019-06-23T00:00:00.000Z,27348.64547956951
Fees in satoshis / TX,2019-06-23T00:50:00.000Z,30433.386432813724
Fees in satoshis / TX,2019-06-23T01:40:00.000Z,27840.945894422817
Fees in satoshis / TX,2019-06-23T02:30:00.000Z,24102.967949418908
Fees in satoshis / TX,2019-06-23T03:20:00.000Z,24871.707625531184
Fees in satoshis / TX,2019-06-23T04:10:00.000Z,26822.391321906915
Fees in satoshis / TX,2019-06-23T05:00:00.000Z,21829.996007336304
Fees in satoshis / TX,2019-06-23T05:50:00.000Z,26475.98573754747
Fees in satoshis / TX,2019-06-23T06:40:00.000Z,25341.230682099595
Fees in satoshis / TX,2019-06-23T07:30:00.000Z,23635.82733055094
Fees in satoshis / TX,2019-06-23T08:20:00.000Z,20392.98721796688
Fees in satoshis / TX,2019-06-23T09:10:00.000Z,21902.90729794577
Fees in satoshis / TX,2019-06-23T10:00:00.000Z,23017.330492128367
Fees in satoshis / TX,2019-06-23T10:50:00.000Z,21456.410289816537
Fees in satoshis / TX,2019-06-23T11:40:00.000Z,20482.599205018854
Fees in satoshis / TX,2019-06-23T12:30:00.000Z,20080.090830488927
Fees in satoshis / TX,2019-06-23T13:20:00.000Z,29736.99731104839
Fees in satoshis / TX,2019-06-23T14:10:00.000Z,28845.43207274148
Fees in satoshis / TX,2019-06-23T15:00:00.000Z,21557.529265776837
Fees in satoshis / TX,2019-06-23T15:50:00.000Z,20320.529197025557
Fees in satoshis / TX,2019-06-23T16:40:00.000Z,23648.95800877351
Fees in satoshis / TX,2019-06-23T17:30:00.000Z,22773.408287769438
Fees in satoshis / TX,2019-06-23T18:20:00.000Z,16289.740049855018
Fees in satoshis / TX,2019-06-23T19:10:00.000Z,17085.855626305918
Fees in satoshis / TX,2019-06-23T20:00:00.000Z,16955.07746309885
Fees in satoshis / TX,2019-06-23T20:50:00.000Z,20551.131636384463
Fees in satoshis / TX,2019-06-23T21:40:00.000Z,23611.61465482473
Fees in satoshis / TX,2019-06-23T22:30:00.000Z,25465.96778433924
Fees in satoshis / TX,2019-06-23T23:20:00.000Z,16302.543321546133
Fees in satoshis / TX,2019-06-24T00:10:00.000Z,17531.588636507528
Fees in satoshis / TX,2019-06-24T01:00:00.000Z,30774.523386574427
Fees in satoshis / TX,2019-06-24T01:50:00.000Z,24371.274654141125
Fees in satoshis / TX,2019-06-24T02:40:00.000Z,25732.82311228107
Fees in satoshis / TX,2019-06-24T03:30:00.000Z,33249.39155145432
Fees in satoshis / TX,2019-06-24T04:20:00.000Z,36340.673800520104
Fees in satoshis / TX,2019-06-24T05:10:00.000Z,24278.06515327127
Fees in satoshis / TX,2019-06-24T06:00:00.000Z,24886.08238133309
Fees in satoshis / TX,2019-06-24T06:50:00.000Z,28469.378361315477
Fees in satoshis / TX,2019-06-24T07:40:00.000Z,23540.200947699854
Fees in satoshis / TX,2019-06-24T08:30:00.000Z,25959.6351686412
Fees in satoshis / TX,2019-06-24T09:20:00.000Z,24389.38294271815
Fees in satoshis / TX,2019-06-24T10:10:00.000Z,25328.179233574476
Fees in satoshis / TX,2019-06-24T11:00:00.000Z,22303.817259939784
Fees in satoshis / TX,2019-06-24T11:50:00.000Z,25457.205542076124
Fees in satoshis / TX,2019-06-24T12:40:00.000Z,30911.666030724748
Fees in satoshis / TX,2019-06-24T13:30:00.000Z,34260.19968794448
Fees in satoshis / TX,2019-06-24T14:20:00.000Z,32095.96175835986
Fees in satoshis / TX,2019-06-24T15:10:00.000Z,28517.5262631321
Fees in satoshis / TX,2019-06-24T16:00:00.000Z,29387.161223910738
Fees in satoshis / TX,2019-06-24T16:50:00.000Z,26900.642490460403
Fees in satoshis / TX,2019-06-24T17:40:00.000Z,24379.22428609747
Fees in satoshis / TX,2019-06-24T18:30:00.000Z,22677.808319610744
Fees in satoshis / TX,2019-06-24T19:20:00.000Z,24507.064590561797
Fees in satoshis / TX,2019-06-24T20:10:00.000Z,25893.9905584036
Fees in satoshis / TX,2019-06-24T21:00:00.000Z,29510.53896820607
Fees in satoshis / TX,2019-06-24T21:50:00.000Z,19181.565701674288
Fees in satoshis / TX,2019-06-24T22:40:00.000Z,18260.366461105274
Fees in satoshis / TX,2019-06-24T23:30:00.000Z,19985.319245270755
Fees in satoshis / TX,2019-06-25T00:20:00.000Z,20356.33669806224
Fees in satoshis / TX,2019-06-25T01:10:00.000Z,28411.86123699521
Fees in satoshis / TX,2019-06-25T02:00:00.000Z,20700.670515710477
Fees in satoshis / TX,2019-06-25T02:50:00.000Z,29622.197080479807
Fees in satoshis / TX,2019-06-25T03:40:00.000Z,36496.57241523361
Fees in satoshis / TX,2019-06-25T04:30:00.000Z,33508.04870028252
Fees in satoshis / TX,2019-06-25T05:20:00.000Z,30381.950606278726
Fees in satoshis / TX,2019-06-25T06:10:00.000Z,27733.171824134588
Fees in satoshis / TX,2019-06-25T07:00:00.000Z,25307.662685023963
Fees in satoshis / TX,2019-06-25T07:50:00.000Z,26437.677245598148
Fees in satoshis / TX,2019-06-25T08:40:00.000Z,26768.141919015918
Fees in satoshis / TX,2019-06-25T09:30:00.000Z,27587.420456403936
Fees in satoshis / TX,2019-06-25T10:20:00.000Z,26385.297097643837
Fees in satoshis / TX,2019-06-25T11:10:00.000Z,27988.715220387407
Fees in satoshis / TX,2019-06-25T12:00:00.000Z,28005.121226155625
Fees in satoshis / TX,2019-06-25T12:50:00.000Z,36148.09640521733
Fees in satoshis / TX,2019-06-25T13:40:00.000Z,48507.6879160838
Fees in satoshis / TX,2019-06-25T14:30:00.000Z,43502.036254611856
Fees in satoshis / TX,2019-06-25T15:20:00.000Z,35483.86256154858
Fees in satoshis / TX,2019-06-25T16:10:00.000Z,35776.22135388969
Fees in satoshis / TX,2019-06-25T17:00:00.000Z,36321.07118157179
Fees in satoshis / TX,2019-06-25T17:50:00.000Z,35143.50366317743
Fees in satoshis / TX,2019-06-25T18:40:00.000Z,32420.40267460238
Fees in satoshis / TX,2019-06-25T19:30:00.000Z,32655.998523917537
Fees in satoshis / TX,2019-06-25T20:20:00.000Z,30769.686582551447
Fees in satoshis / TX,2019-06-25T21:10:00.000Z,33898.71108251287
Fees in satoshis / TX,2019-06-25T22:00:00.000Z,38704.409031141586
Fees in satoshis / TX,2019-06-25T22:50:00.000Z,29992.045087078364
Fees in satoshis / TX,2019-06-25T23:40:00.000Z,33323.11964026209
Fees in satoshis / TX,2019-06-26T00:30:00.000Z,31428.263228009142
Fees in satoshis / TX,2019-06-26T01:20:00.000Z,33767.946588886916
Fees in satoshis / TX,2019-06-26T02:10:00.000Z,30957.855207538105
Fees in satoshis / TX,2019-06-26T03:00:00.000Z,28939.440576080233
Fees in satoshis / TX,2019-06-26T03:50:00.000Z,32976.74523427063
Fees in satoshis / TX,2019-06-26T04:40:00.000Z,31522.446907614707
Fees in satoshis / TX,2019-06-26T05:30:00.000Z,36971.85936547804
Fees in satoshis / TX,2019-06-26T06:20:00.000Z,39599.618556095076
Fees in satoshis / TX,2019-06-26T07:10:00.000Z,42109.502722793884
Fees in satoshis / TX,2019-06-26T08:00:00.000Z,50487.31140308957
Fees in satoshis / TX,2019-06-26T08:50:00.000Z,58644.63042280971
Fees in satoshis / TX,2019-06-26T09:40:00.000Z,43388.16467163917
Fees in satoshis / TX,2019-06-26T10:30:00.000Z,42082.75094462605
Fees in satoshis / TX,2019-06-26T11:20:00.000Z,39286.75743728138
Fees in satoshis / TX,2019-06-26T12:10:00.000Z,44344.09276335129
Fees in satoshis / TX,2019-06-26T13:00:00.000Z,50619.13790387147
Fees in satoshis / TX,2019-06-26T13:50:00.000Z,51187.60932624088
Fees in satoshis / TX,2019-06-26T14:40:00.000Z,42575.01615178996
Fees in satoshis / TX,2019-06-26T15:30:00.000Z,48521.415055405014
Fees in satoshis / TX,2019-06-26T16:20:00.000Z,43137.9445128675
Fees in satoshis / TX,2019-06-26T17:10:00.000Z,43698.22891116078
Fees in satoshis / TX,2019-06-26T18:00:00.000Z,45529.503698016735
Fees in satoshis / TX,2019-06-26T18:50:00.000Z,44323.62980158811
Fees in satoshis / TX,2019-06-26T19:40:00.000Z,75123.020125653
Fees in satoshis / TX,2019-06-26T20:30:00.000Z,52660.165047771414
Fees in satoshis / TX,2019-06-26T21:20:00.000Z,49996.391044763965
Fees in satoshis / TX,2019-06-26T22:10:00.000Z,46491.80583513733
Fees in satoshis / TX,2019-06-26T23:00:00.000Z,45860.698628256294
Fees in satoshis / TX,2019-06-26T23:50:00.000Z,44772.15328101639
Fees in satoshis / TX,2019-06-27T00:40:00.000Z,42492.17743131333
Fees in satoshis / TX,2019-06-27T01:30:00.000Z,49158.80679014393
Fees in satoshis / TX,2019-06-27T02:20:00.000Z,50129.33703995591
Fees in satoshis / TX,2019-06-27T03:10:00.000Z,46829.399268933186
Fees in satoshis / TX,2019-06-27T04:00:00.000Z,48237.24222890023
Fees in satoshis / TX,2019-06-27T04:50:00.000Z,44812.973646102735
Fees in satoshis / TX,2019-06-27T05:40:00.000Z,48448.63802079136
Fees in satoshis / TX,2019-06-27T06:30:00.000Z,55796.101941883026
Fees in satoshis / TX,2019-06-27T07:20:00.000Z,51324.5379824211
Fees in satoshis / TX,2019-06-27T08:10:00.000Z,51449.889186099215
Fees in satoshis / TX,2019-06-27T09:00:00.000Z,49146.305614582
Fees in satoshis / TX,2019-06-27T09:50:00.000Z,54126.473939504904
Fees in satoshis / TX,2019-06-27T10:40:00.000Z,48316.0356043018
Fees in satoshis / TX,2019-06-27T11:30:00.000Z,49307.32307571579
Fees in satoshis / TX,2019-06-27T12:20:00.000Z,45850.692442876054
Fees in satoshis / TX,2019-06-27T13:10:00.000Z,58957.03983330948
Fees in satoshis / TX,2019-06-27T14:00:00.000Z,63983.09774504676
Fees in satoshis / TX,2019-06-27T14:50:00.000Z,66119.59461521737
Fees in satoshis / TX,2019-06-27T15:40:00.000Z,53439.52196838827
Fees in satoshis / TX,2019-06-27T16:30:00.000Z,56173.15376556946
Fees in satoshis / TX,2019-06-27T17:20:00.000Z,57948.71722583836
Fees in satoshis / TX,2019-06-27T18:10:00.000Z,58383.77575161746
Fees in satoshis / TX,2019-06-27T19:00:00.000Z,60066.07229863955
Fees in satoshis / TX,2019-06-27T19:50:00.000Z,52213.75923394129
Fees in satoshis / TX,2019-06-27T20:40:00.000Z,58354.1601923835
Fees in satoshis / TX,2019-06-27T21:30:00.000Z,53635.83394302009
Fees in satoshis / TX,2019-06-27T22:20:00.000Z,43837.6588702327
Fees in satoshis / TX,2019-06-27T23:10:00.000Z,46558.36639550871
Fees in satoshis / TX,2019-06-28T00:00:00.000Z,50901.22299679052
Fees in satoshis / TX,2019-06-28T00:50:00.000Z,43946.38577484088
Fees in satoshis / TX,2019-06-28T01:40:00.000Z,49801.207502400895
Fees in satoshis / TX,2019-06-28T02:30:00.000Z,46913.948481727726
Fees in satoshis / TX,2019-06-28T03:20:00.000Z,40347.81822136108
Fees in satoshis / TX,2019-06-28T04:10:00.000Z,42231.04587086044
Fees in satoshis / TX,2019-06-28T05:00:00.000Z,37331.87709496766
Fees in satoshis / TX,2019-06-28T05:50:00.000Z,39941.71396263166
Fees in satoshis / TX,2019-06-28T06:40:00.000Z,35741.6114545967
Fees in satoshis / TX,2019-06-28T07:30:00.000Z,40095.512787319516
Fees in satoshis / TX,2019-06-28T08:20:00.000Z,42325.26384767021
Fees in satoshis / TX,2019-06-28T09:10:00.000Z,45971.50387147112
Fees in satoshis / TX,2019-06-28T10:00:00.000Z,60451.05544843002
Fees in satoshis / TX,2019-06-28T10:50:00.000Z,52181.1492591533
Fees in satoshis / TX,2019-06-28T11:40:00.000Z,65315.92417678573
Fees in satoshis / TX,2019-06-28T12:30:00.000Z,49084.49677589505
Fees in satoshis / TX,2019-06-28T13:20:00.000Z,65133.62215530407
Fees in satoshis / TX,2019-06-28T14:10:00.000Z,59779.624846744526
Fees in satoshis / TX,2019-06-28T15:00:00.000Z,52825.05797103719
Fees in satoshis / TX,2019-06-28T15:50:00.000Z,60185.26242423644
Fees in satoshis / TX,2019-06-28T16:40:00.000Z,50258.444132428696
Fees in satoshis / TX,2019-06-28T17:30:00.000Z,58058.81101597279
Fees in satoshis / TX,2019-06-28T18:20:00.000Z,48499.37658420194
Fees in satoshis / TX,2019-06-28T19:10:00.000Z,52142.09264748531
Fees in satoshis / TX,2019-06-28T20:00:00.000Z,52471.393501736515
Fees in satoshis / TX,2019-06-28T20:50:00.000Z,41845.25853573824
Fees in satoshis / TX,2019-06-28T21:40:00.000Z,43909.263665582155
Fees in satoshis / TX,2019-06-28T22:30:00.000Z,36084.72851521025
Fees in satoshis / TX,2019-06-28T23:20:00.000Z,37340.200211277595
Fees in satoshis / TX,2019-06-29T00:10:00.000Z,36608.949411158144
Fees in satoshis / TX,2019-06-29T01:00:00.000Z,35454.39553879665
Fees in satoshis / TX,2019-06-29T01:50:00.000Z,44977.59971842116
Fees in satoshis / TX,2019-06-29T02:40:00.000Z,38360.02093187746
Fees in satoshis / TX,2019-06-29T03:30:00.000Z,40271.110071462055
Fees in satoshis / TX,2019-06-29T04:20:00.000Z,36009.08133503322
Fees in satoshis / TX,2019-06-29T05:10:00.000Z,30100.60512209279
Fees in satoshis / TX,2019-06-29T06:00:00.000Z,32570.59382726641
Fees in satoshis / TX,2019-06-29T06:50:00.000Z,30046.686247959973
Fees in satoshis / TX,2019-06-29T07:40:00.000Z,33246.794023860486
Fees in satoshis / TX,2019-06-29T08:30:00.000Z,30856.423122330256
Fees in satoshis / TX,2019-06-29T09:20:00.000Z,25085.566326971195
Fees in satoshis / TX,2019-06-29T10:10:00.000Z,32931.71381075405
Fees in satoshis / TX,2019-06-29T11:00:00.000Z,23826.94438028389
Fees in satoshis / TX,2019-06-29T11:50:00.000Z,25765.557880870107
Fees in satoshis / TX,2019-06-29T12:40:00.000Z,47344.62712709923
Fees in satoshis / TX,2019-06-29T13:30:00.000Z,41150.995683365545
Fees in satoshis / TX,2019-06-29T14:20:00.000Z,32301.045034102728
Fees in satoshis / TX,2019-06-29T15:10:00.000Z,31796.01390605775
Fees in satoshis / TX,2019-06-29T16:00:00.000Z,25068.592348911247
Fees in satoshis / TX,2019-06-29T16:50:00.000Z,34015.20034118324
Fees in satoshis / TX,2019-06-29T17:40:00.000Z,39968.697547869895
Fees in satoshis / TX,2019-06-29T18:30:00.000Z,30807.0413830231
Fees in satoshis / TX,2019-06-29T19:20:00.000Z,23640.330315025356
Fees in satoshis / TX,2019-06-29T20:10:00.000Z,30612.29153774433
Fees in satoshis / TX,2019-06-29T21:00:00.000Z,25775.061204813897
Fees in satoshis / TX,2019-06-29T21:50:00.000Z,29143.248482332558
Fees in satoshis / TX,2019-06-29T22:40:00.000Z,19487.154096241997
Fees in satoshis / TX,2019-06-29T23:30:00.000Z,21722.801196915963
Fees in satoshis / TX,2019-06-30T00:20:00.000Z,18346.442105050017
Fees in satoshis / TX,2019-06-30T01:10:00.000Z,31631.656117607716
Fees in satoshis / TX,2019-06-30T02:00:00.000Z,42570.78756854494
Fees in satoshis / TX,2019-06-30T02:50:00.000Z,38007.81221459941
Fees in satoshis / TX,2019-06-30T03:40:00.000Z,31111.820354008494
Fees in satoshis / TX,2019-06-30T04:30:00.000Z,29156.295804763948
Fees in satoshis / TX,2019-06-30T05:20:00.000Z,24122.614748052794
Fees in satoshis / TX,2019-06-30T06:10:00.000Z,30855.9564026347
Fees in satoshis / TX,2019-06-30T07:00:00.000Z,35693.86402835102
Fees in satoshis / TX,2019-06-30T07:50:00.000Z,33782.50941459743
Fees in satoshis / TX,2019-06-30T08:40:00.000Z,31382.774975941877
Fees in satoshis / TX,2019-06-30T09:30:00.000Z,31831.466350570343
Fees in satoshis / TX,2019-06-30T10:20:00.000Z,27539.12616292363
Fees in satoshis / TX,2019-06-30T11:10:00.000Z,28966.26697244695
Fees in satoshis / TX,2019-06-30T12:00:00.000Z,27813.983478597773
Fees in satoshis / TX,2019-06-30T12:50:00.000Z,42242.18836670089
Fees in satoshis / TX,2019-06-30T13:40:00.000Z,49271.1679664921
Fees in satoshis / TX,2019-06-30T14:30:00.000Z,40381.910112754624
Fees in satoshis / TX,2019-06-30T15:20:00.000Z,30902.003664348962
Fees in satoshis / TX,2019-06-30T16:10:00.000Z,37017.17499916136
Fees in satoshis / TX,2019-06-30T17:00:00.000Z,30373.77289880555
Fees in satoshis / TX,2019-06-30T17:50:00.000Z,25747.04002426168
Fees in satoshis / TX,2019-06-30T18:40:00.000Z,37410.06116665029
Fees in satoshis / TX,2019-06-30T19:30:00.000Z,27160.78296048689
Fees in satoshis / TX,2019-06-30T20:20:00.000Z,25673.803900026145
Fees in satoshis / TX,2019-06-30T21:10:00.000Z,25421.7392605405
Fees in satoshis / TX,2019-06-30T22:00:00.000Z,30047.39826096873
Fees in satoshis / TX,2019-06-30T22:50:00.000Z,40563.00974781891
Fees in satoshis / TX,2019-06-30T23:40:00.000Z,23251.76833745183
Fees in satoshis / TX,2019-07-01T00:30:00.000Z,28698.290097522036
Fees in satoshis / TX,2019-07-01T01:20:00.000Z,35982.31767522798
Fees in satoshis / TX,2019-07-01T02:10:00.000Z,33377.34455803555
Fees in satoshis / TX,2019-07-01T03:00:00.000Z,36306.10361604336
Fees in satoshis / TX,2019-07-01T03:50:00.000Z,34557.51712526615
Fees in satoshis / TX,2019-07-01T04:40:00.000Z,38412.81287968715
Fees in satoshis / TX,2019-07-01T05:30:00.000Z,39041.86018603866
Fees in satoshis / TX,2019-07-01T06:20:00.000Z,34796.510793046225
Fees in satoshis / TX,2019-07-01T07:10:00.000Z,36976.39354791767
Fees in satoshis / TX,2019-07-01T08:00:00.000Z,41330.24879133208
Fees in satoshis / TX,2019-07-01T08:50:00.000Z,40540.90349502461
Fees in satoshis / TX,2019-07-01T09:40:00.000Z,36565.594761480774
Fees in satoshis / TX,2019-07-01T10:30:00.000Z,34017.19528944143
Fees in satoshis / TX,2019-07-01T11:20:00.000Z,31106.90713821527
Fees in satoshis / TX,2019-07-01T12:10:00.000Z,33061.60038977214
Fees in satoshis / TX,2019-07-01T13:00:00.000Z,36703.027609963974
Fees in satoshis / TX,2019-07-01T13:50:00.000Z,35632.45881806308
Fees in satoshis / TX,2019-07-01T14:40:00.000Z,32670.054402964983
Fees in satoshis / TX,2019-07-01T15:30:00.000Z,37969.54824212952
Fees in satoshis / TX,2019-07-01T16:20:00.000Z,60839.34247505772
Fees in satoshis / TX,2019-07-01T17:10:00.000Z,34600.52914938946
Fees in satoshis / TX,2019-07-01T18:00:00.000Z,36585.343609471005
Fees in satoshis / TX,2019-07-01T18:50:00.000Z,33247.02718841801
Fees in satoshis / TX,2019-07-01T19:40:00.000Z,33691.70618294876
Fees in satoshis / TX,2019-07-01T20:30:00.000Z,30382.095255018656
Fees in satoshis / TX,2019-07-01T21:20:00.000Z,36958.554088109864
Fees in satoshis / TX,2019-07-01T22:10:00.000Z,41088.85122634891
Fees in satoshis / TX,2019-07-01T23:00:00.000Z,29565.520051509742
Fees in satoshis / TX,2019-07-01T23:50:00.000Z,36549.59893209788
Fees in satoshis / TX,2019-07-02T00:40:00.000Z,38130.091559791705
Fees in satoshis / TX,2019-07-02T01:30:00.000Z,36570.202816075995
Fees in satoshis / TX,2019-07-02T02:20:00.000Z,37679.607050429266
Fees in satoshis / TX,2019-07-02T03:10:00.000Z,35240.28388708465
Fees in satoshis / TX,2019-07-02T04:00:00.000Z,38018.10732293416
Fees in satoshis / TX,2019-07-02T04:50:00.000Z,40661.179094996754
Fees in satoshis / TX,2019-07-02T05:40:00.000Z,37884.13103476764
Fees in satoshis / TX,2019-07-02T06:30:00.000Z,35065.698800650505
Fees in satoshis / TX,2019-07-02T07:20:00.000Z,32677.85054552494
Fees in satoshis / TX,2019-07-02T08:10:00.000Z,32979.125478534355
Fees in satoshis / TX,2019-07-02T09:00:00.000Z,34200.6918664457
Fees in satoshis / TX,2019-07-02T09:50:00.000Z,31158.779634358165
Fees in satoshis / TX,2019-07-02T10:40:00.000Z,29860.654473999086
Fees in satoshis / TX,2019-07-02T11:30:00.000Z,30176.34310056539
Fees in satoshis / TX,2019-07-02T12:20:00.000Z,30154.629724028917
Fees in satoshis / TX,2019-07-02T13:10:00.000Z,42283.893726386705
Fees in satoshis / TX,2019-07-02T14:00:00.000Z,34881.69032285489
Fees in satoshis / TX,2019-07-02T14:50:00.000Z,32015.252041761054
Fees in satoshis / TX,2019-07-02T15:40:00.000Z,33355.946189691385
Fees in satoshis / TX,2019-07-02T16:30:00.000Z,29834.87494270609
Fees in satoshis / TX,2019-07-02T17:20:00.000Z,30858.703933405435
Fees in satoshis / TX,2019-07-02T18:10:00.000Z,30945.196938140405
Fees in satoshis / TX,2019-07-02T19:00:00.000Z,26616.553177784674
Fees in satoshis / TX,2019-07-02T19:50:00.000Z,32254.44717154788
Fees in satoshis / TX,2019-07-02T20:40:00.000Z,27891.750583598718
Fees in satoshis / TX,2019-07-02T21:30:00.000Z,30592.825391760307
Fees in satoshis / TX,2019-07-02T22:20:00.000Z,23298.92959498387
Fees in satoshis / TX,2019-07-02T23:10:00.000Z,20541.16246860906
Fees in satoshis / TX,2019-07-03T00:00:00.000Z,21640.754387854446
Fees in satoshis / TX,2019-07-03T00:50:00.000Z,27131.168889193847
Fees in satoshis / TX,2019-07-03T01:40:00.000Z,32008.193567467497
Fees in satoshis / TX,2019-07-03T02:30:00.000Z,29183.125210911734
Fees in satoshis / TX,2019-07-03T03:20:00.000Z,28118.1627815553
Fees in satoshis / TX,2019-07-03T04:10:00.000Z,27853.824313919253
Fees in satoshis / TX,2019-07-03T05:00:00.000Z,24116.468539803565
Fees in satoshis / TX,2019-07-03T05:50:00.000Z,22033.389043060055
Fees in satoshis / TX,2019-07-03T06:40:00.000Z,19462.688412193835
Fees in satoshis / TX,2019-07-03T07:30:00.000Z,21847.818280049436
Fees in satoshis / TX,2019-07-03T08:20:00.000Z,23586.25830997292
Fees in satoshis / TX,2019-07-03T09:10:00.000Z,19459.078410974038
Fees in satoshis / TX,2019-07-03T10:00:00.000Z,20620.082793646103
Fees in satoshis / TX,2019-07-03T10:50:00.000Z,20772.352581531963
Fees in satoshis / TX,2019-07-03T11:40:00.000Z,23691.174577575915
Fees in satoshis / TX,2019-07-03T12:30:00.000Z,23733.915367621717
Fees in satoshis / TX,2019-07-03T13:20:00.000Z,29936.429602236247
Fees in satoshis / TX,2019-07-03T14:10:00.000Z,25684.043113996573
Fees in satoshis / TX,2019-07-03T15:00:00.000Z,22295.637634956816
Fees in satoshis / TX,2019-07-03T15:50:00.000Z,23128.168764249305
Fees in satoshis / TX,2019-07-03T16:40:00.000Z,38083.159447839564
Fees in satoshis / TX,2019-07-03T17:30:00.000Z,29187.91013025572
Fees in satoshis / TX,2019-07-03T18:20:00.000Z,25752.982251983067
Fees in satoshis / TX,2019-07-03T19:10:00.000Z,22129.35883038523
Fees in satoshis / TX,2019-07-03T20:00:00.000Z,14813.811147140917
Fees in satoshis / TX,2019-07-03T20:50:00.000Z,21512.896286422103
Fees in satoshis / TX,2019-07-03T21:40:00.000Z,18165.965024257028
Fees in satoshis / TX,2019-07-03T22:30:00.000Z,20108.958246586302
Fees in satoshis / TX,2019-07-03T23:20:00.000Z,18041.145150621764
Fees in satoshis / TX,2019-07-04T00:10:00.000Z,17874.237551214803
Fees in satoshis / TX,2019-07-04T01:00:00.000Z,20095.32018964891
Fees in satoshis / TX,2019-07-04T01:50:00.000Z,22967.191697211132
Fees in satoshis / TX,2019-07-04T02:40:00.000Z,25741.547208761207
Fees in satoshis / TX,2019-07-04T03:30:00.000Z,24318.28979999721
Fees in satoshis / TX,2019-07-04T04:20:00.000Z,21157.04008449699
Fees in satoshis / TX,2019-07-04T05:10:00.000Z,19628.49849817741
Fees in satoshis / TX,2019-07-04T06:00:00.000Z,20942.960964600094
Fees in satoshis / TX,2019-07-04T06:50:00.000Z,16331.025268864061
Fees in satoshis / TX,2019-07-04T07:40:00.000Z,20354.376506576536
Fees in satoshis / TX,2019-07-04T08:30:00.000Z,23508.448618240607
Fees in satoshis / TX,2019-07-04T09:20:00.000Z,22519.83896988734
Fees in satoshis / TX,2019-07-04T10:10:00.000Z,25241.657374263938
Fees in satoshis / TX,2019-07-04T11:00:00.000Z,25281.08148672022
Fees in satoshis / TX,2019-07-04T11:50:00.000Z,23464.843790715073
Fees in satoshis / TX,2019-07-04T12:40:00.000Z,26706.807773455203
Fees in satoshis / TX,2019-07-04T13:30:00.000Z,32755.836691571014
Fees in satoshis / TX,2019-07-04T14:20:00.000Z,33941.31277631614
Fees in satoshis / TX,2019-07-04T15:10:00.000Z,26603.061320765257
Fees in satoshis / TX,2019-07-04T16:00:00.000Z,26833.174144591303
Fees in satoshis / TX,2019-07-04T16:50:00.000Z,25424.57368660214
Fees in satoshis / TX,2019-07-04T17:40:00.000Z,24512.00452815232
Fees in satoshis / TX,2019-07-04T18:30:00.000Z,23289.693611082614
Fees in satoshis / TX,2019-07-04T19:20:00.000Z,18892.000184176213
Fees in satoshis / TX,2019-07-04T20:10:00.000Z,22710.53980232325
Fees in satoshis / TX,2019-07-04T21:00:00.000Z,17484.618881086062
Fees in satoshis / TX,2019-07-04T21:50:00.000Z,16314.867140884966
Fees in satoshis / TX,2019-07-04T22:40:00.000Z,12473.910839300068
Fees in satoshis / TX,2019-07-04T23:30:00.000Z,19831.84960423626
Fees in satoshis / TX,2019-07-05T00:20:00.000Z,13311.596614542043
Fees in satoshis / TX,2019-07-05T01:10:00.000Z,21604.31757616799
Fees in satoshis / TX,2019-07-05T02:00:00.000Z,24794.457915391155
Fees in satoshis / TX,2019-07-05T02:50:00.000Z,21140.35460173591
Fees in satoshis / TX,2019-07-05T03:40:00.000Z,27616.41089750802
Fees in satoshis / TX,2019-07-05T04:30:00.000Z,22002.068804990464
Fees in satoshis / TX,2019-07-05T05:20:00.000Z,20207.384774344573
Fees in satoshis / TX,2019-07-05T06:10:00.000Z,20498.478849853087
Fees in satoshis / TX,2019-07-05T07:00:00.000Z,18532.30875317226
Fees in satoshis / TX,2019-07-05T07:50:00.000Z,17283.561510730466
Fees in satoshis / TX,2019-07-05T08:40:00.000Z,22527.524444137798
Fees in satoshis / TX,2019-07-05T09:30:00.000Z,23339.70183255773
Fees in satoshis / TX,2019-07-05T10:20:00.000Z,23321.996020907864
Fees in satoshis / TX,2019-07-05T11:10:00.000Z,19277.216495565703
Fees in satoshis / TX,2019-07-05T12:00:00.000Z,25595.81417437143
Fees in satoshis / TX,2019-07-05T12:50:00.000Z,27489.81275796647
Fees in satoshis / TX,2019-07-05T13:40:00.000Z,23657.61382013918
Fees in satoshis / TX,2019-07-05T14:30:00.000Z,23107.890902922634
Fees in satoshis / TX,2019-07-05T15:20:00.000Z,23260.352004459473
Fees in satoshis / TX,2019-07-05T16:10:00.000Z,24339.89800675482
Fees in satoshis / TX,2019-07-05T17:00:00.000Z,22551.570343105348
Fees in satoshis / TX,2019-07-05T17:50:00.000Z,22270.695399912023
Fees in satoshis / TX,2019-07-05T18:40:00.000Z,20197.512683526722
Fees in satoshis / TX,2019-07-05T19:30:00.000Z,16999.747685438175
Fees in satoshis / TX,2019-07-05T20:20:00.000Z,15046.013227778909
Fees in satoshis / TX,2019-07-05T21:10:00.000Z,12395.632698699275
Fees in satoshis / TX,2019-07-05T22:00:00.000Z,14548.103373340535
Fees in satoshis / TX,2019-07-05T22:50:00.000Z,11057.909115100476
Fees in satoshis / TX,2019-07-05T23:40:00.000Z,10030.291377230853
Fees in satoshis / TX,2019-07-06T00:30:00.000Z,17928.135336775686
Fees in satoshis / TX,2019-07-06T01:20:00.000Z,25956.361824705946
Fees in satoshis / TX,2019-07-06T02:10:00.000Z,17616.30343972418
Fees in satoshis / TX,2019-07-06T03:00:00.000Z,23280.38177120565
Fees in satoshis / TX,2019-07-06T03:50:00.000Z,19160.829187121948
Fees in satoshis / TX,2019-07-06T04:40:00.000Z,15726.791478042864
Fees in satoshis / TX,2019-07-06T05:30:00.000Z,15193.488276253926
Fees in satoshis / TX,2019-07-06T06:20:00.000Z,13043.314966469381
Fees in satoshis / TX,2019-07-06T07:10:00.000Z,14314.608346038067
Fees in satoshis / TX,2019-07-06T08:00:00.000Z,21593.66013569626
Fees in satoshis / TX,2019-07-06T08:50:00.000Z,12187.876982921249
Fees in satoshis / TX,2019-07-06T09:40:00.000Z,13374.562704050488
Fees in satoshis / TX,2019-07-06T10:30:00.000Z,16422.2439904637
Fees in satoshis / TX,2019-07-06T11:20:00.000Z,12897.082730773258
Fees in satoshis / TX,2019-07-06T12:10:00.000Z,12632.202061651518
Fees in satoshis / TX,2019-07-06T13:00:00.000Z,20363.259955873473
Fees in satoshis / TX,2019-07-06T13:50:00.000Z,15701.553105262054
Fees in satoshis / TX,2019-07-06T14:40:00.000Z,17974.53050477484
Fees in satoshis / TX,2019-07-06T15:30:00.000Z,16735.95702553623
Fees in satoshis / TX,2019-07-06T16:20:00.000Z,13660.295575200249
Fees in satoshis / TX,2019-07-06T17:10:00.000Z,11293.437854104463
Fees in satoshis / TX,2019-07-06T18:00:00.000Z,11175.10318221378
Fees in satoshis / TX,2019-07-06T18:50:00.000Z,10080.590097623674
Fees in satoshis / TX,2019-07-06T19:40:00.000Z,10108.363724874307
Fees in satoshis / TX,2019-07-06T20:30:00.000Z,10346.409128487547
Fees in satoshis / TX,2019-07-06T21:20:00.000Z,9397.123908717733
Fees in satoshis / TX,2019-07-06T22:10:00.000Z,19127.02828111064
Fees in satoshis / TX,2019-07-06T23:00:00.000Z,9681.041324391437
Fees in satoshis / TX,2019-07-06T23:50:00.000Z,12104.80583287909
Fees in satoshis / TX,2019-07-07T00:40:00.000Z,8942.236411447639
Fees in satoshis / TX,2019-07-07T01:30:00.000Z,18553.967860908546
Fees in satoshis / TX,2019-07-07T02:20:00.000Z,27473.505164299033
Fees in satoshis / TX,2019-07-07T03:10:00.000Z,16104.50252741992
Fees in satoshis / TX,2019-07-07T04:00:00.000Z,15984.020634844512
Fees in satoshis / TX,2019-07-07T04:50:00.000Z,13458.570155030824
Fees in satoshis / TX,2019-07-07T05:40:00.000Z,14591.163604079333
Fees in satoshis / TX,2019-07-07T06:30:00.000Z,13700.273766881286
Fees in satoshis / TX,2019-07-07T07:20:00.000Z,12498.777163293958
Fees in satoshis / TX,2019-07-07T08:10:00.000Z,14303.942001928652
Fees in satoshis / TX,2019-07-07T09:00:00.000Z,12129.821465055744
Fees in satoshis / TX,2019-07-07T09:50:00.000Z,15306.927174968421
Fees in satoshis / TX,2019-07-07T10:40:00.000Z,13393.765516968866
Fees in satoshis / TX,2019-07-07T11:30:00.000Z,14787.845638491228
Fees in satoshis / TX,2019-07-07T12:20:00.000Z,14795.315109499681
Fees in satoshis / TX,2019-07-07T13:10:00.000Z,20272.228264681682
Fees in satoshis / TX,2019-07-07T14:00:00.000Z,13335.770243942592
Fees in satoshis / TX,2019-07-07T14:50:00.000Z,16601.69629791316
Fees in satoshis / TX,2019-07-07T15:40:00.000Z,25410.38956761312
Fees in satoshis / TX,2019-07-07T16:30:00.000Z,19311.571320723302
Fees in satoshis / TX,2019-07-07T17:20:00.000Z,20572.971618394666
Fees in satoshis / TX,2019-07-07T18:10:00.000Z,16550.481522812755
Fees in satoshis / TX,2019-07-07T19:00:00.000Z,12758.863336230457
Fees in satoshis / TX,2019-07-07T19:50:00.000Z,13652.494219268981
Fees in satoshis / TX,2019-07-07T20:40:00.000Z,13682.445764435568
Fees in satoshis / TX,2019-07-07T21:30:00.000Z,8447.611274526147
Fees in satoshis / TX,2019-07-07T22:20:00.000Z,9466.142386695405
Fees in satoshis / TX,2019-07-07T23:10:00.000Z,7648.2784888524475
Fees in satoshis / TX,2019-07-08T00:00:00.000Z,15277.25642130812
Fees in satoshis / TX,2019-07-08T00:50:00.000Z,9763.056812988756
Fees in satoshis / TX,2019-07-08T01:40:00.000Z,15184.417379482547
Fees in satoshis / TX,2019-07-08T02:30:00.000Z,21427.900502247074
Fees in satoshis / TX,2019-07-08T03:20:00.000Z,16750.67997050123
Fees in satoshis / TX,2019-07-08T04:10:00.000Z,19146.191682544413
Fees in satoshis / TX,2019-07-08T05:00:00.000Z,15217.751875634316
Fees in satoshis / TX,2019-07-08T05:50:00.000Z,17233.73724629183
Fees in satoshis / TX,2019-07-08T06:40:00.000Z,12880.020836118809
Fees in satoshis / TX,2019-07-08T07:30:00.000Z,16493.1215148093
Fees in satoshis / TX,2019-07-08T08:20:00.000Z,14730.885195595682
Fees in satoshis / TX,2019-07-08T09:10:00.000Z,19635.817771894923
Fees in satoshis / TX,2019-07-08T10:00:00.000Z,18916.409641185728
Fees in satoshis / TX,2019-07-08T10:50:00.000Z,20724.59101445611
Fees in satoshis / TX,2019-07-08T11:40:00.000Z,19242.411592589786
Fees in satoshis / TX,2019-07-08T12:30:00.000Z,19221.618661430904
Fees in satoshis / TX,2019-07-08T13:20:00.000Z,25349.912641865492
Fees in satoshis / TX,2019-07-08T14:10:00.000Z,23333.091018390995
Fees in satoshis / TX,2019-07-08T15:00:00.000Z,23608.682245375276
Fees in satoshis / TX,2019-07-08T15:50:00.000Z,21745.07150894576
Fees in satoshis / TX,2019-07-08T16:40:00.000Z,20547.321928575744
Fees in satoshis / TX,2019-07-08T17:30:00.000Z,17404.10958421832
Fees in satoshis / TX,2019-07-08T18:20:00.000Z,16657.305053215983
Fees in satoshis / TX,2019-07-08T19:10:00.000Z,19205.77241936516
Fees in satoshis / TX,2019-07-08T20:00:00.000Z,16799.38353645084
Fees in satoshis / TX,2019-07-08T20:50:00.000Z,16022.831258940127
Fees in satoshis / TX,2019-07-08T21:40:00.000Z,15156.593140611116
Fees in satoshis / TX,2019-07-08T22:30:00.000Z,14300.670874593266
Fees in satoshis / TX,2019-07-08T23:20:00.000Z,12626.030228630378
Fees in satoshis / TX,2019-07-09T00:10:00.000Z,14749.12260609739
Fees in satoshis / TX,2019-07-09T01:00:00.000Z,18019.848123070544
Fees in satoshis / TX,2019-07-09T01:50:00.000Z,18473.678422054552
Fees in satoshis / TX,2019-07-09T02:40:00.000Z,25918.520895918966
Fees in satoshis / TX,2019-07-09T03:30:00.000Z,20606.74652910725
Fees in satoshis / TX,2019-07-09T04:20:00.000Z,14478.653588878835
Fees in satoshis / TX,2019-07-09T05:10:00.000Z,13307.30238044877
Fees in satoshis / TX,2019-07-09T06:00:00.000Z,17282.58921383882
Fees in satoshis / TX,2019-07-09T06:50:00.000Z,18947.777071615314
Fees in satoshis / TX,2019-07-09T07:40:00.000Z,17511.276964209137
Fees in satoshis / TX,2019-07-09T08:30:00.000Z,19181.026701721123
Fees in satoshis / TX,2019-07-09T09:20:00.000Z,16993.308647657443
Fees in satoshis / TX,2019-07-09T10:10:00.000Z,19219.83261202232
Fees in satoshis / TX,2019-07-09T11:00:00.000Z,17791.6409013772
Fees in satoshis / TX,2019-07-09T11:50:00.000Z,20560.990780985354
Fees in satoshis / TX,2019-07-09T12:40:00.000Z,24219.481935207652
Fees in satoshis / TX,2019-07-09T13:30:00.000Z,25309.162110759728
Fees in satoshis / TX,2019-07-09T14:20:00.000Z,20946.356507305863
Fees in satoshis / TX,2019-07-09T15:10:00.000Z,19960.164804096385
Fees in satoshis / TX,2019-07-09T16:00:00.000Z,21148.30329190008
Fees in satoshis / TX,2019-07-09T16:50:00.000Z,19555.337343437575
Fees in satoshis / TX,2019-07-09T17:40:00.000Z,19241.32172986813
Fees in satoshis / TX,2019-07-09T18:30:00.000Z,17308.691034750453
Fees in satoshis / TX,2019-07-09T19:20:00.000Z,16340.739093237247
Fees in satoshis / TX,2019-07-09T20:10:00.000Z,19046.117856912788
Fees in satoshis / TX,2019-07-09T21:00:00.000Z,19132.497829567714
Fees in satoshis / TX,2019-07-09T21:50:00.000Z,17144.20306152432
Fees in satoshis / TX,2019-07-09T22:40:00.000Z,20707.084358829383
Fees in satoshis / TX,2019-07-09T23:30:00.000Z,16168.16106481397
Fees in satoshis / TX,2019-07-10T00:20:00.000Z,15121.8771668561
Fees in satoshis / TX,2019-07-10T01:10:00.000Z,19013.668423411997
Fees in satoshis / TX,2019-07-10T02:00:00.000Z,24630.234493551194
Fees in satoshis / TX,2019-07-10T02:50:00.000Z,25882.116556951856
Fees in satoshis / TX,2019-07-10T03:40:00.000Z,27124.81788160096
Fees in satoshis / TX,2019-07-10T04:30:00.000Z,21607.092720112058
Fees in satoshis / TX,2019-07-10T05:20:00.000Z,22437.366895205585
Fees in satoshis / TX,2019-07-10T06:10:00.000Z,24981.192280740874
Fees in satoshis / TX,2019-07-10T07:00:00.000Z,25412.969068342434
Fees in satoshis / TX,2019-07-10T07:50:00.000Z,27349.34096831809
Fees in satoshis / TX,2019-07-10T08:40:00.000Z,25989.930258652385
Fees in satoshis / TX,2019-07-10T09:30:00.000Z,27271.928759642567
Fees in satoshis / TX,2019-07-10T10:20:00.000Z,28376.71543369394
Fees in satoshis / TX,2019-07-10T11:10:00.000Z,26287.54084779531
Fees in satoshis / TX,2019-07-10T12:00:00.000Z,27073.600780184417
Fees in satoshis / TX,2019-07-10T12:50:00.000Z,33541.85249293059
Fees in satoshis / TX,2019-07-10T13:40:00.000Z,25214.556344025357
Fees in satoshis / TX,2019-07-10T14:30:00.000Z,25477.40736407424
Fees in satoshis / TX,2019-07-10T15:20:00.000Z,25836.386249173545
Fees in satoshis / TX,2019-07-10T16:10:00.000Z,27959.638424574525
Fees in satoshis / TX,2019-07-10T17:00:00.000Z,29249.755272059563
Fees in satoshis / TX,2019-07-10T17:50:00.000Z,27506.06128932688
Fees in satoshis / TX,2019-07-10T18:40:00.000Z,29414.623888119997
Fees in satoshis / TX,2019-07-10T19:30:00.000Z,24639.22306985862
Fees in satoshis / TX,2019-07-10T20:20:00.000Z,23227.270057142567
Fees in satoshis / TX,2019-07-10T21:10:00.000Z,22639.883337174477
Fees in satoshis / TX,2019-07-10T22:00:00.000Z,23864.509677751805
Fees in satoshis / TX,2019-07-10T22:50:00.000Z,21789.064493241374
Fees in satoshis / TX,2019-07-10T23:40:00.000Z,20579.811499618594
Fees in satoshis / TX,2019-07-11T00:30:00.000Z,20382.786071673858
Fees in satoshis / TX,2019-07-11T01:20:00.000Z,25403.79010165437
Fees in satoshis / TX,2019-07-11T02:10:00.000Z,22879.61607416094
Fees in satoshis / TX,2019-07-11T03:00:00.000Z,27874.0905980961
Fees in satoshis / TX,2019-07-11T03:50:00.000Z,25690.707613100694
Fees in satoshis / TX,2019-07-11T04:40:00.000Z,26397.80057684827
Fees in satoshis / TX,2019-07-11T05:30:00.000Z,24274.434530454986
Fees in satoshis / TX,2019-07-11T06:20:00.000Z,27810.450623600125
Fees in satoshis / TX,2019-07-11T07:10:00.000Z,23625.041978201138
Fees in satoshis / TX,2019-07-11T08:00:00.000Z,24233.369197418542
Fees in satoshis / TX,2019-07-11T08:50:00.000Z,20913.477009256505
Fees in satoshis / TX,2019-07-11T09:40:00.000Z,23318.1337281903
Fees in satoshis / TX,2019-07-11T10:30:00.000Z,17996.991045167677
Fees in satoshis / TX,2019-07-11T11:20:00.000Z,23549.831810924676
Fees in satoshis / TX,2019-07-11T12:10:00.000Z,24308.52445130115
Fees in satoshis / TX,2019-07-11T13:00:00.000Z,31400.26683303122
Fees in satoshis / TX,2019-07-11T13:50:00.000Z,30495.68290567006
Fees in satoshis / TX,2019-07-11T14:40:00.000Z,28630.633144845302
Fees in satoshis / TX,2019-07-11T15:30:00.000Z,27677.536835213763
Fees in satoshis / TX,2019-07-11T16:20:00.000Z,25385.147118856683
Fees in satoshis / TX,2019-07-11T17:10:00.000Z,22792.999423390684
Fees in satoshis / TX,2019-07-11T18:00:00.000Z,22507.18488673982
Fees in satoshis / TX,2019-07-11T18:50:00.000Z,22122.219059834562
Fees in satoshis / TX,2019-07-11T19:40:00.000Z,21809.119643410915
Fees in satoshis / TX,2019-07-11T20:30:00.000Z,19291.25249964922
Fees in satoshis / TX,2019-07-11T21:20:00.000Z,19550.059197427105
Fees in satoshis / TX,2019-07-11T22:10:00.000Z,20868.68374008661
Fees in satoshis / TX,2019-07-11T23:00:00.000Z,19186.767145748207
Fees in satoshis / TX,2019-07-11T23:50:00.000Z,21562.81160226152
Fees in satoshis / TX,2019-07-12T00:40:00.000Z,22804.16784163307
Fees in satoshis / TX,2019-07-12T01:30:00.000Z,28708.790399043326
Fees in satoshis / TX,2019-07-12T02:20:00.000Z,25255.65925362308
Fees in satoshis / TX,2019-07-12T03:10:00.000Z,23776.434151560843
Fees in satoshis / TX,2019-07-12T04:00:00.000Z,25415.480860573138
Fees in satoshis / TX,2019-07-12T04:50:00.000Z,16934.167091561536
Fees in satoshis / TX,2019-07-12T05:40:00.000Z,16464.015454303517
Fees in satoshis / TX,2019-07-12T06:30:00.000Z,19283.606376539356
Fees in satoshis / TX,2019-07-12T07:20:00.000Z,20850.212825147253
Fees in satoshis / TX,2019-07-12T08:10:00.000Z,21059.247659647695
Fees in satoshis / TX,2019-07-12T09:00:00.000Z,20328.10291746516
Fees in satoshis / TX,2019-07-12T09:50:00.000Z,19057.830104565073
Fees in satoshis / TX,2019-07-12T10:40:00.000Z,21900.662727153365
Fees in satoshis / TX,2019-07-12T11:30:00.000Z,21044.492430133545
Fees in satoshis / TX,2019-07-12T12:20:00.000Z,19993.84618501409
Fees in satoshis / TX,2019-07-12T13:10:00.000Z,24965.885231143173
Fees in satoshis / TX,2019-07-12T14:00:00.000Z,22496.388808239895
Fees in satoshis / TX,2019-07-12T14:50:00.000Z,19828.289468014766
Fees in satoshis / TX,2019-07-12T15:40:00.000Z,21599.383581323505
Fees in satoshis / TX,2019-07-12T16:30:00.000Z,18008.271108092507
Fees in satoshis / TX,2019-07-12T17:20:00.000Z,16709.604102096557
Fees in satoshis / TX,2019-07-12T18:10:00.000Z,17363.985880384855
Fees in satoshis / TX,2019-07-12T19:00:00.000Z,15517.840465089863
Fees in satoshis / TX,2019-07-12T19:50:00.000Z,16872.293596521748
Fees in satoshis / TX,2019-07-12T20:40:00.000Z,13489.99290209691
Fees in satoshis / TX,2019-07-12T21:30:00.000Z,16665.763285270797
Fees in satoshis / TX,2019-07-12T22:20:00.000Z,13003.764463204341
Fees in satoshis / TX,2019-07-12T23:10:00.000Z,12976.505013671976
Fees in satoshis / TX,2019-07-13T00:00:00.000Z,17194.063837967136
Fees in satoshis / TX,2019-07-13T00:50:00.000Z,12127.95778064294
Fees in satoshis / TX,2019-07-13T01:40:00.000Z,12860.782112851644
Fees in satoshis / TX,2019-07-13T02:30:00.000Z,20042.988235999186
Fees in satoshis / TX,2019-07-13T03:20:00.000Z,17820.087992428642
Fees in satoshis / TX,2019-07-13T04:10:00.000Z,12172.779015649543
Fees in satoshis / TX,2019-07-13T05:00:00.000Z,14052.650885898873
Fees in satoshis / TX,2019-07-13T05:50:00.000Z,14213.584490037445
Fees in satoshis / TX,2019-07-13T06:40:00.000Z,18810.248995496055
Fees in satoshis / TX,2019-07-13T07:30:00.000Z,15156.271988019755
Fees in satoshis / TX,2019-07-13T08:20:00.000Z,13097.944239872848
Fees in satoshis / TX,2019-07-13T09:10:00.000Z,20163.264355765554
Fees in satoshis / TX,2019-07-13T10:00:00.000Z,16439.25429935673
Fees in satoshis / TX,2019-07-13T10:50:00.000Z,16240.760107744438
Fees in satoshis / TX,2019-07-13T11:40:00.000Z,13758.078737000105
Fees in satoshis / TX,2019-07-13T12:30:00.000Z,16641.652764217695
Fees in satoshis / TX,2019-07-13T13:20:00.000Z,18196.21959258743
Fees in satoshis / TX,2019-07-13T14:10:00.000Z,16252.436524370005
Fees in satoshis / TX,2019-07-13T15:00:00.000Z,15296.600208538142
Fees in satoshis / TX,2019-07-13T15:50:00.000Z,16614.010498160053
Fees in satoshis / TX,2019-07-13T16:40:00.000Z,17075.88093718969
Fees in satoshis / TX,2019-07-13T17:30:00.000Z,16316.198281415636
Fees in satoshis / TX,2019-07-13T18:20:00.000Z,15616.91344300459
Fees in satoshis / TX,2019-07-13T19:10:00.000Z,14285.55860016773
Fees in satoshis / TX,2019-07-13T20:00:00.000Z,9687.557676759938
Fees in satoshis / TX,2019-07-13T20:50:00.000Z,13412.756707642291
Fees in satoshis / TX,2019-07-13T21:40:00.000Z,12664.330561133123
Fees in satoshis / TX,2019-07-13T22:30:00.000Z,9764.945690255894
Fees in satoshis / TX,2019-07-13T23:20:00.000Z,7248.258882738463
Fees in satoshis / TX,2019-07-14T00:10:00.000Z,10364.006709273779
Fees in satoshis / TX,2019-07-14T01:00:00.000Z,13173.415948064434
Fees in satoshis / TX,2019-07-14T01:50:00.000Z,19296.876342944524
Fees in satoshis / TX,2019-07-14T02:40:00.000Z,11845.540995724174
Fees in satoshis / TX,2019-07-14T03:30:00.000Z,9581.90675704371
Fees in satoshis / TX,2019-07-14T04:20:00.000Z,9784.857660483733
Fees in satoshis / TX,2019-07-14T05:10:00.000Z,12746.981919867341
Fees in satoshis / TX,2019-07-14T06:00:00.000Z,10364.916343200497
Fees in satoshis / TX,2019-07-14T06:50:00.000Z,8897.118423454927
Fees in satoshis / TX,2019-07-14T07:40:00.000Z,10204.26283332197
Fees in satoshis / TX,2019-07-14T08:30:00.000Z,8998.290250444978
Fees in satoshis / TX,2019-07-14T09:20:00.000Z,13102.381522470529
Fees in satoshis / TX,2019-07-14T10:10:00.000Z,12193.68375684223
Fees in satoshis / TX,2019-07-14T11:00:00.000Z,14769.822421546723
Fees in satoshis / TX,2019-07-14T11:50:00.000Z,16444.751531315724
Fees in satoshis / TX,2019-07-14T12:40:00.000Z,19332.494133362146
Fees in satoshis / TX,2019-07-14T13:30:00.000Z,18713.971839825153
Fees in satoshis / TX,2019-07-14T14:20:00.000Z,17174.776094765384
Fees in satoshis / TX,2019-07-14T15:10:00.000Z,17252.334834770434
Fees in satoshis / TX,2019-07-14T16:00:00.000Z,16799.580397022444
Fees in satoshis / TX,2019-07-14T16:50:00.000Z,15073.01089174073
Fees in satoshis / TX,2019-07-14T17:40:00.000Z,13821.324212742611
Fees in satoshis / TX,2019-07-14T18:30:00.000Z,9026.570942682596
Fees in satoshis / TX,2019-07-14T19:20:00.000Z,8973.19021846817
Fees in satoshis / TX,2019-07-14T20:10:00.000Z,10147.89711993461
Fees in satoshis / TX,2019-07-14T21:00:00.000Z,24793.2813203407
Fees in satoshis / TX,2019-07-14T21:50:00.000Z,17564.697775018212
Fees in satoshis / TX,2019-07-14T22:40:00.000Z,13158.461269454468
Fees in satoshis / TX,2019-07-14T23:30:00.000Z,15112.475244688778
Fees in satoshis / TX,2019-07-15T00:20:00.000Z,14908.08776306881
Fees in satoshis / TX,2019-07-15T01:10:00.000Z,17077.771538921705
Fees in satoshis / TX,2019-07-15T02:00:00.000Z,16807.507374126486
Fees in satoshis / TX,2019-07-15T02:50:00.000Z,19161.78223372416
Fees in satoshis / TX,2019-07-15T03:40:00.000Z,19905.641876117432
Fees in satoshis / TX,2019-07-15T04:30:00.000Z,22028.520094698782
Fees in satoshis / TX,2019-07-15T05:20:00.000Z,16229.310734354134
Fees in satoshis / TX,2019-07-15T06:10:00.000Z,16751.06450328537
Fees in satoshis / TX,2019-07-15T07:00:00.000Z,16768.673614822284
Fees in satoshis / TX,2019-07-15T07:50:00.000Z,17830.532853640972
Fees in satoshis / TX,2019-07-15T08:40:00.000Z,14556.221674479766
Fees in satoshis / TX,2019-07-15T09:30:00.000Z,15955.560734988258
Fees in satoshis / TX,2019-07-15T10:20:00.000Z,14411.482106488605
Fees in satoshis / TX,2019-07-15T11:10:00.000Z,16563.30387198007
Fees in satoshis / TX,2019-07-15T12:00:00.000Z,19131.04701887788
Fees in satoshis / TX,2019-07-15T12:50:00.000Z,22401.807012442692
Fees in satoshis / TX,2019-07-15T13:40:00.000Z,21130.51185333663
Fees in satoshis / TX,2019-07-15T14:30:00.000Z,23720.4871189083
Fees in satoshis / TX,2019-07-15T15:20:00.000Z,23665.902868673125
Fees in satoshis / TX,2019-07-15T16:10:00.000Z,20736.32559213443
Fees in satoshis / TX,2019-07-15T17:00:00.000Z,22452.88593366133
Fees in satoshis / TX,2019-07-15T17:50:00.000Z,21806.017892133434
Fees in satoshis / TX,2019-07-15T18:40:00.000Z,20344.11277828701
Fees in satoshis / TX,2019-07-15T19:30:00.000Z,18754.462803927578
Fees in satoshis / TX,2019-07-15T20:20:00.000Z,18006.87866568566
Fees in satoshis / TX,2019-07-15T21:10:00.000Z,16876.010193055008
Fees in satoshis / TX,2019-07-15T22:00:00.000Z,18155.417769702613
Fees in satoshis / TX,2019-07-15T22:50:00.000Z,15278.40933985461
Fees in satoshis / TX,2019-07-15T23:40:00.000Z,13627.61073796068
Fees in satoshis / TX,2019-07-16T00:30:00.000Z,13379.62546107216
Fees in satoshis / TX,2019-07-16T01:20:00.000Z,17941.014092528032
Fees in satoshis / TX,2019-07-16T02:10:00.000Z,20518.23449764201
Fees in satoshis / TX,2019-07-16T03:00:00.000Z,23709.371426371257
Fees in satoshis / TX,2019-07-16T03:50:00.000Z,24440.005856650194
Fees in satoshis / TX,2019-07-16T04:40:00.000Z,20958.23245433201
Fees in satoshis / TX,2019-07-16T05:30:00.000Z,16679.715218509562
Fees in satoshis / TX,2019-07-16T06:20:00.000Z,16047.469482557037
Fees in satoshis / TX,2019-07-16T07:10:00.000Z,17836.222445635718
Fees in satoshis / TX,2019-07-16T08:00:00.000Z,15900.141194786414
Fees in satoshis / TX,2019-07-16T08:50:00.000Z,16789.99238594999
Fees in satoshis / TX,2019-07-16T09:40:00.000Z,15700.63643657424
Fees in satoshis / TX,2019-07-16T10:30:00.000Z,13984.769398945838
Fees in satoshis / TX,2019-07-16T11:20:00.000Z,17772.305281442157
Fees in satoshis / TX,2019-07-16T12:10:00.000Z,16309.549031817976
Fees in satoshis / TX,2019-07-16T13:00:00.000Z,22627.999331964245
Fees in satoshis / TX,2019-07-16T13:50:00.000Z,17251.833480098798
Fees in satoshis / TX,2019-07-16T14:40:00.000Z,15765.894101855203
Fees in satoshis / TX,2019-07-16T15:30:00.000Z,18147.45216477618
Fees in satoshis / TX,2019-07-16T16:20:00.000Z,18866.02583379695
Fees in satoshis / TX,2019-07-16T17:10:00.000Z,18753.10349845074
Fees in satoshis / TX,2019-07-16T18:00:00.000Z,16740.545727027784
Fees in satoshis / TX,2019-07-16T18:50:00.000Z,16109.731338597354
Fees in satoshis / TX,2019-07-16T19:40:00.000Z,16317.263149460437
Fees in satoshis / TX,2019-07-16T20:30:00.000Z,15025.637085363025
Fees in satoshis / TX,2019-07-16T21:20:00.000Z,13449.100413093536
Fees in satoshis / TX,2019-07-16T22:10:00.000Z,16428.65890562494
Fees in satoshis / TX,2019-07-16T23:00:00.000Z,14317.100192676293
Fees in satoshis / TX,2019-07-16T23:50:00.000Z,16765.714721823206
Fees in satoshis / TX,2019-07-17T00:40:00.000Z,19082.230092764563
Fees in satoshis / TX,2019-07-17T01:30:00.000Z,20401.721756276344
Fees in satoshis / TX,2019-07-17T02:20:00.000Z,19333.03033680332
Fees in satoshis / TX,2019-07-17T03:10:00.000Z,16538.147265339056
Fees in satoshis / TX,2019-07-17T04:00:00.000Z,15012.303364700067
Fees in satoshis / TX,2019-07-17T04:50:00.000Z,14347.44722772552
Fees in satoshis / TX,2019-07-17T05:40:00.000Z,19191.41531521677
Fees in satoshis / TX,2019-07-17T06:30:00.000Z,25603.214409056098
Fees in satoshis / TX,2019-07-17T07:20:00.000Z,21701.009893821694
Fees in satoshis / TX,2019-07-17T08:10:00.000Z,19258.258063340025
Fees in satoshis / TX,2019-07-17T09:00:00.000Z,23171.96157253916
Fees in satoshis / TX,2019-07-17T09:50:00.000Z,19299.160588806004
