Series;Time;Value
txCacheSize;2019-06-17T11:30:00.000Z;10253.246666666668
txCacheSize;2019-06-17T12:20:00.000Z;8711.68
txCacheSize;2019-06-17T13:10:00.000Z;10432.08
txCacheSize;2019-06-17T14:00:00.000Z;11120.630000000001
txCacheSize;2019-06-17T14:50:00.000Z;11392.006666666666
txCacheSize;2019-06-17T15:40:00.000Z;9516.393333333333
txCacheSize;2019-06-17T16:30:00.000Z;8153.713333333333
txCacheSize;2019-06-17T17:20:00.000Z;11891.253333333332
txCacheSize;2019-06-17T18:10:00.000Z;10937.556666666667
txCacheSize;2019-06-17T19:00:00.000Z;12558.216666666667
txCacheSize;2019-06-17T19:50:00.000Z;9576.963333333333
txCacheSize;2019-06-17T20:40:00.000Z;11056.26
txCacheSize;2019-06-17T21:30:00.000Z;10224.893333333333
txCacheSize;2019-06-17T22:20:00.000Z;9292.923333333334
txCacheSize;2019-06-17T23:10:00.000Z;11683
txCacheSize;2019-06-18T00:00:00.000Z;10383.82
txCacheSize;2019-06-18T00:50:00.000Z;11324.173333333334
txCacheSize;2019-06-18T01:40:00.000Z;12622.933333333332
txCacheSize;2019-06-18T02:30:00.000Z;10476.596666666668
txCacheSize;2019-06-18T03:20:00.000Z;11225.256666666668
txCacheSize;2019-06-18T04:10:00.000Z;11323.783333333331
txCacheSize;2019-06-18T05:00:00.000Z;10307.956666666667
txCacheSize;2019-06-18T05:50:00.000Z;9839.176666666666
txCacheSize;2019-06-18T06:40:00.000Z;10166.64
txCacheSize;2019-06-18T07:30:00.000Z;10813.483333333334
txCacheSize;2019-06-18T08:20:00.000Z;10412.483333333334
txCacheSize;2019-06-18T09:10:00.000Z;11902.92
txCacheSize;2019-06-18T10:00:00.000Z;10562.279999999999
txCacheSize;2019-06-18T10:50:00.000Z;10640.320000000002
txCacheSize;2019-06-18T11:40:00.000Z;10972.556666666667
txCacheSize;2019-06-18T12:30:00.000Z;10157.366666666667
txCacheSize;2019-06-18T13:20:00.000Z;8221.803333333333
txCacheSize;2019-06-18T14:10:00.000Z;8654.59
txCacheSize;2019-06-18T15:00:00.000Z;9841.45
txCacheSize;2019-06-18T15:50:00.000Z;10165.206666666667
txCacheSize;2019-06-18T16:40:00.000Z;9312.786666666667
txCacheSize;2019-06-18T17:30:00.000Z;10041.36
txCacheSize;2019-06-18T18:20:00.000Z;11127.41
txCacheSize;2019-06-18T19:10:00.000Z;11509.55
txCacheSize;2019-06-18T20:00:00.000Z;11912.64
txCacheSize;2019-06-18T20:50:00.000Z;11508.256666666666
txCacheSize;2019-06-18T21:40:00.000Z;9834.893333333333
txCacheSize;2019-06-18T22:30:00.000Z;10564.029999999999
txCacheSize;2019-06-18T23:20:00.000Z;9027.566666666668
txCacheSize;2019-06-19T00:10:00.000Z;9098.156666666666
txCacheSize;2019-06-19T01:00:00.000Z;9881.57
txCacheSize;2019-06-19T01:50:00.000Z;11310.203333333335
txCacheSize;2019-06-19T02:40:00.000Z;10361.29
txCacheSize;2019-06-19T03:30:00.000Z;8490.836666666666
txCacheSize;2019-06-19T04:20:00.000Z;10686.473333333333
txCacheSize;2019-06-19T05:10:00.000Z;10583.846666666666
txCacheSize;2019-06-19T06:00:00.000Z;9823.066666666666
txCacheSize;2019-06-19T06:50:00.000Z;9146.413333333334
txCacheSize;2019-06-19T07:40:00.000Z;10919.939999999999
txCacheSize;2019-06-19T08:30:00.000Z;10555.083333333334
txCacheSize;2019-06-19T09:20:00.000Z;8801.960000000001
txCacheSize;2019-06-19T10:10:00.000Z;10339.033333333335
txCacheSize;2019-06-19T11:00:00.000Z;9589.74
txCacheSize;2019-06-19T11:50:00.000Z;11485.966666666667
txCacheSize;2019-06-19T12:40:00.000Z;11012.72
txCacheSize;2019-06-19T13:30:00.000Z;6874.3
txCacheSize;2019-06-19T14:20:00.000Z;12638.996666666666
txCacheSize;2019-06-19T15:10:00.000Z;9953.843333333334
txCacheSize;2019-06-19T16:00:00.000Z;9816.526666666667
txCacheSize;2019-06-19T16:50:00.000Z;9965.883333333333
txCacheSize;2019-06-19T17:40:00.000Z;7687.153333333333
txCacheSize;2019-06-19T18:30:00.000Z;9701.586666666666
txCacheSize;2019-06-19T19:20:00.000Z;8516.06
txCacheSize;2019-06-19T20:10:00.000Z;7773.817999999999
txCacheSize;2019-06-19T21:00:00.000Z;5167.539999999999
txCacheSize;2019-06-19T21:50:00.000Z;10109.286666666667
txCacheSize;2019-06-19T22:40:00.000Z;8800.646666666666
txCacheSize;2019-06-19T23:30:00.000Z;5498.826666666667
txCacheSize;2019-06-20T00:20:00.000Z;3704.7633333333333
txCacheSize;2019-06-20T01:10:00.000Z;7751.533333333333
txCacheSize;2019-06-20T02:00:00.000Z;9694.586666666666
txCacheSize;2019-06-20T02:50:00.000Z;13729.87
txCacheSize;2019-06-20T03:40:00.000Z;14355.476666666666
txCacheSize;2019-06-20T04:30:00.000Z;11821.966666666667
txCacheSize;2019-06-20T05:20:00.000Z;11037.73
txCacheSize;2019-06-20T06:10:00.000Z;11950.48
txCacheSize;2019-06-20T07:00:00.000Z;11809.056666666667
txCacheSize;2019-06-20T07:50:00.000Z;10845.390000000001
txCacheSize;2019-06-20T08:40:00.000Z;11125.47
txCacheSize;2019-06-20T09:30:00.000Z;9934.86
txCacheSize;2019-06-20T10:20:00.000Z;10482.926666666668
txCacheSize;2019-06-20T11:10:00.000Z;11553.526666666667
txCacheSize;2019-06-20T12:00:00.000Z;9859.95
txCacheSize;2019-06-20T12:50:00.000Z;9101.95
txCacheSize;2019-06-20T13:40:00.000Z;9754.45
txCacheSize;2019-06-20T14:30:00.000Z;11772.720000000001
txCacheSize;2019-06-20T15:20:00.000Z;11623.35
txCacheSize;2019-06-20T16:10:00.000Z;11197.826666666666
txCacheSize;2019-06-20T17:00:00.000Z;10945.466666666665
txCacheSize;2019-06-20T17:50:00.000Z;11506.453333333333
txCacheSize;2019-06-20T18:40:00.000Z;11869.536666666667
txCacheSize;2019-06-20T19:30:00.000Z;10770.956666666667
txCacheSize;2019-06-20T20:20:00.000Z;9798.836666666666
txCacheSize;2019-06-20T21:10:00.000Z;9050.126666666667
txCacheSize;2019-06-20T22:00:00.000Z;10643.220000000001
txCacheSize;2019-06-20T22:50:00.000Z;10809.109999999999
txCacheSize;2019-06-20T23:40:00.000Z;10429.35
txCacheSize;2019-06-21T00:30:00.000Z;11236.539999999999
txCacheSize;2019-06-21T01:20:00.000Z;11254.546666666667
txCacheSize;2019-06-21T02:10:00.000Z;13092.01
txCacheSize;2019-06-21T03:00:00.000Z;12909.593333333334
txCacheSize;2019-06-21T03:50:00.000Z;10573.986666666668
txCacheSize;2019-06-21T04:40:00.000Z;10951.8
txCacheSize;2019-06-21T05:30:00.000Z;10394.6
txCacheSize;2019-06-21T06:20:00.000Z;11861.483333333334
txCacheSize;2019-06-21T07:10:00.000Z;11553.076666666666
txCacheSize;2019-06-21T08:00:00.000Z;11631.686666666666
txCacheSize;2019-06-21T08:50:00.000Z;13539.743333333336
txCacheSize;2019-06-21T09:40:00.000Z;10649.183333333334
txCacheSize;2019-06-21T10:30:00.000Z;10196.483333333334
txCacheSize;2019-06-21T11:20:00.000Z;11228.406666666666
txCacheSize;2019-06-21T12:10:00.000Z;11307.84
txCacheSize;2019-06-21T13:00:00.000Z;9297.41
txCacheSize;2019-06-21T13:50:00.000Z;11637.756666666668
txCacheSize;2019-06-21T14:40:00.000Z;12050.453333333335
txCacheSize;2019-06-21T15:30:00.000Z;10215.529999999999
txCacheSize;2019-06-21T16:20:00.000Z;9180.240000000002
txCacheSize;2019-06-21T17:10:00.000Z;9859.576666666666
txCacheSize;2019-06-21T18:00:00.000Z;9398.403333333332
txCacheSize;2019-06-21T18:50:00.000Z;12107.756666666666
txCacheSize;2019-06-21T19:40:00.000Z;12983.166666666668
txCacheSize;2019-06-21T20:30:00.000Z;11111.293333333331
txCacheSize;2019-06-21T21:20:00.000Z;10319.776666666667
txCacheSize;2019-06-21T22:10:00.000Z;10824.939999999999
txCacheSize;2019-06-21T23:00:00.000Z;10311.916666666668
txCacheSize;2019-06-21T23:50:00.000Z;10720.519999999999
txCacheSize;2019-06-22T00:40:00.000Z;11802.316666666668
txCacheSize;2019-06-22T01:30:00.000Z;12203.490000000002
txCacheSize;2019-06-22T02:20:00.000Z;9758.526666666667
txCacheSize;2019-06-22T03:10:00.000Z;10103.813333333334
txCacheSize;2019-06-22T04:00:00.000Z;10866.553333333333
txCacheSize;2019-06-22T04:50:00.000Z;9379.806666666667
txCacheSize;2019-06-22T05:40:00.000Z;9733.066666666668
txCacheSize;2019-06-22T06:30:00.000Z;11476.643333333332
txCacheSize;2019-06-22T07:20:00.000Z;10987.986666666668
txCacheSize;2019-06-22T08:10:00.000Z;10979.45
txCacheSize;2019-06-22T09:00:00.000Z;9787.176666666666
txCacheSize;2019-06-22T09:50:00.000Z;11997.836666666666
txCacheSize;2019-06-22T10:40:00.000Z;13314.720000000001
txCacheSize;2019-06-22T11:30:00.000Z;12008.679999999998
txCacheSize;2019-06-22T12:20:00.000Z;11332.898666666666
txCacheSize;2019-06-22T13:10:00.000Z;11554.243333333334
txCacheSize;2019-06-22T14:00:00.000Z;9030.04
txCacheSize;2019-06-22T14:50:00.000Z;7282.263333333333
txCacheSize;2019-06-22T15:40:00.000Z;11287.753333333332
txCacheSize;2019-06-22T16:30:00.000Z;12076.53
txCacheSize;2019-06-22T17:20:00.000Z;10290.025333333333
txCacheSize;2019-06-22T18:10:00.000Z;9162.383333333335
txCacheSize;2019-06-22T19:00:00.000Z;11303.650000000001
txCacheSize;2019-06-22T19:50:00.000Z;10228.03
txCacheSize;2019-06-22T20:40:00.000Z;10219.503333333332
txCacheSize;2019-06-22T21:30:00.000Z;10168.226666666667
txCacheSize;2019-06-22T22:20:00.000Z;9262.633333333335
txCacheSize;2019-06-22T23:10:00.000Z;10388.976666666666
txCacheSize;2019-06-23T00:00:00.000Z;10648.943333333333
txCacheSize;2019-06-23T00:50:00.000Z;10362.143333333335
txCacheSize;2019-06-23T01:40:00.000Z;9077.43
txCacheSize;2019-06-23T02:30:00.000Z;9884.3
txCacheSize;2019-06-23T03:20:00.000Z;10110.133333333335
txCacheSize;2019-06-23T04:10:00.000Z;9272.380000000001
txCacheSize;2019-06-23T05:00:00.000Z;8735.523333333334
txCacheSize;2019-06-23T05:50:00.000Z;9064.886666666667
txCacheSize;2019-06-23T06:40:00.000Z;9186.866666666665
txCacheSize;2019-06-23T07:30:00.000Z;8059.553333333332
txCacheSize;2019-06-23T08:20:00.000Z;7867.35
txCacheSize;2019-06-23T09:10:00.000Z;9498.34
txCacheSize;2019-06-23T10:00:00.000Z;9193.226666666666
txCacheSize;2019-06-23T10:50:00.000Z;10127.66
txCacheSize;2019-06-23T11:40:00.000Z;9616.033333333333
txCacheSize;2019-06-23T12:30:00.000Z;9963.850000000002
txCacheSize;2019-06-23T13:20:00.000Z;7789.880000000002
txCacheSize;2019-06-23T14:10:00.000Z;10164.073333333334
txCacheSize;2019-06-23T15:00:00.000Z;7975.066666666668
txCacheSize;2019-06-23T15:50:00.000Z;8333.963333333333
txCacheSize;2019-06-23T16:40:00.000Z;10530.346666666668
txCacheSize;2019-06-23T17:30:00.000Z;9955.893333333333
txCacheSize;2019-06-23T18:20:00.000Z;7346.196666666668
txCacheSize;2019-06-23T19:10:00.000Z;7365.663333333333
txCacheSize;2019-06-23T20:00:00.000Z;5675.396666666667
txCacheSize;2019-06-23T20:50:00.000Z;6693.45
txCacheSize;2019-06-23T21:40:00.000Z;11089.273333333334
txCacheSize;2019-06-23T22:30:00.000Z;7852.723333333333
txCacheSize;2019-06-23T23:20:00.000Z;6789.496666666668
txCacheSize;2019-06-24T00:10:00.000Z;3799.0666666666666
txCacheSize;2019-06-24T01:00:00.000Z;5263.68
txCacheSize;2019-06-24T01:50:00.000Z;9946.45
txCacheSize;2019-06-24T02:40:00.000Z;8454.176666666666
txCacheSize;2019-06-24T03:30:00.000Z;9984.076666666666
txCacheSize;2019-06-24T04:20:00.000Z;11103.033333333335
txCacheSize;2019-06-24T05:10:00.000Z;9748.93
txCacheSize;2019-06-24T06:00:00.000Z;7918.18
txCacheSize;2019-06-24T06:50:00.000Z;10414.323333333334
txCacheSize;2019-06-24T07:40:00.000Z;9588.303333333333
txCacheSize;2019-06-24T08:30:00.000Z;9180.046666666667
txCacheSize;2019-06-24T09:20:00.000Z;10015.366666666667
txCacheSize;2019-06-24T10:10:00.000Z;10184.093333333334
txCacheSize;2019-06-24T11:00:00.000Z;8242.89
txCacheSize;2019-06-24T11:50:00.000Z;9229.496666666668
txCacheSize;2019-06-24T12:40:00.000Z;10552.14
txCacheSize;2019-06-24T13:30:00.000Z;10071.813333333334
txCacheSize;2019-06-24T14:20:00.000Z;9075.539999999999
txCacheSize;2019-06-24T15:10:00.000Z;11291.106666666668
txCacheSize;2019-06-24T16:00:00.000Z;10555.556666666665
txCacheSize;2019-06-24T16:50:00.000Z;10558.706666666667
txCacheSize;2019-06-24T17:40:00.000Z;7499.910000000001
txCacheSize;2019-06-24T18:30:00.000Z;10654.016666666666
txCacheSize;2019-06-24T19:20:00.000Z;8357.97
txCacheSize;2019-06-24T20:10:00.000Z;10261.986666666668
txCacheSize;2019-06-24T21:00:00.000Z;11617.976666666666
txCacheSize;2019-06-24T21:50:00.000Z;9783.613333333333
txCacheSize;2019-06-24T22:40:00.000Z;9791.333333333332
txCacheSize;2019-06-24T23:30:00.000Z;9745.756666666666
txCacheSize;2019-06-25T00:20:00.000Z;11103.34
txCacheSize;2019-06-25T01:10:00.000Z;13951.25
txCacheSize;2019-06-25T02:00:00.000Z;5786.04
txCacheSize;2019-06-25T02:50:00.000Z;12385.813333333334
txCacheSize;2019-06-25T03:40:00.000Z;12655.920000000002
txCacheSize;2019-06-25T04:30:00.000Z;10751.386666666667
txCacheSize;2019-06-25T05:20:00.000Z;10157.533333333335
txCacheSize;2019-06-25T06:10:00.000Z;10232.24
txCacheSize;2019-06-25T07:00:00.000Z;9914.76
txCacheSize;2019-06-25T07:50:00.000Z;10452.473333333333
txCacheSize;2019-06-25T08:40:00.000Z;11169.03
txCacheSize;2019-06-25T09:30:00.000Z;10921.143333333333
txCacheSize;2019-06-25T10:20:00.000Z;10823.106666666667
txCacheSize;2019-06-25T11:10:00.000Z;11362.853333333333
txCacheSize;2019-06-25T12:00:00.000Z;10508.013333333332
txCacheSize;2019-06-25T12:50:00.000Z;11263.146666666667
txCacheSize;2019-06-25T13:40:00.000Z;11882.040000000003
txCacheSize;2019-06-25T14:30:00.000Z;11427.534
txCacheSize;2019-06-25T15:20:00.000Z;9509.789999999999
txCacheSize;2019-06-25T16:10:00.000Z;12219.946666666667
txCacheSize;2019-06-25T17:00:00.000Z;13070.213333333333
txCacheSize;2019-06-25T17:50:00.000Z;11646.343333333334
txCacheSize;2019-06-25T18:40:00.000Z;12342.363333333333
txCacheSize;2019-06-25T19:30:00.000Z;11434.24
txCacheSize;2019-06-25T20:20:00.000Z;10449.653333333332
txCacheSize;2019-06-25T21:10:00.000Z;10798.446666666667
txCacheSize;2019-06-25T22:00:00.000Z;13232.603333333336
txCacheSize;2019-06-25T22:50:00.000Z;10741.77
txCacheSize;2019-06-25T23:40:00.000Z;10102.740000000002
txCacheSize;2019-06-26T00:30:00.000Z;10993.9
txCacheSize;2019-06-26T01:20:00.000Z;11348.51
txCacheSize;2019-06-26T02:10:00.000Z;10222.263333333332
txCacheSize;2019-06-26T03:00:00.000Z;10303.74
txCacheSize;2019-06-26T03:50:00.000Z;10454.906666666666
txCacheSize;2019-06-26T04:40:00.000Z;9249.54
txCacheSize;2019-06-26T05:30:00.000Z;11637.93
txCacheSize;2019-06-26T06:20:00.000Z;11582.543333333333
txCacheSize;2019-06-26T07:10:00.000Z;11038.606666666668
txCacheSize;2019-06-26T08:00:00.000Z;10744.066666666666
txCacheSize;2019-06-26T08:50:00.000Z;12112.953333333333
txCacheSize;2019-06-26T09:40:00.000Z;10963.473333333333
txCacheSize;2019-06-26T10:30:00.000Z;11458.316666666666
txCacheSize;2019-06-26T11:20:00.000Z;10423.720000000001
txCacheSize;2019-06-26T12:10:00.000Z;10423.216666666665
txCacheSize;2019-06-26T13:00:00.000Z;9053.533333333333
txCacheSize;2019-06-26T13:50:00.000Z;9501.236666666668
txCacheSize;2019-06-26T14:40:00.000Z;11995.719999999998
txCacheSize;2019-06-26T15:30:00.000Z;11330.2
txCacheSize;2019-06-26T16:20:00.000Z;11529.560000000001
txCacheSize;2019-06-26T17:10:00.000Z;11068.763333333332
txCacheSize;2019-06-26T18:00:00.000Z;10517.876666666667
txCacheSize;2019-06-26T18:50:00.000Z;10726.320000000002
txCacheSize;2019-06-26T19:40:00.000Z;9630.579999999998
txCacheSize;2019-06-26T20:30:00.000Z;9091.006666666666
txCacheSize;2019-06-26T21:20:00.000Z;11190.403333333335
txCacheSize;2019-06-26T22:10:00.000Z;11210.143333333332
txCacheSize;2019-06-26T23:00:00.000Z;11391.65
txCacheSize;2019-06-26T23:50:00.000Z;10408.966666666665
txCacheSize;2019-06-27T00:40:00.000Z;10484.436666666666
txCacheSize;2019-06-27T01:30:00.000Z;11773.850000000002
txCacheSize;2019-06-27T02:20:00.000Z;10519.486666666668
txCacheSize;2019-06-27T03:10:00.000Z;12247.266666666666
txCacheSize;2019-06-27T04:00:00.000Z;10841.960000000001
txCacheSize;2019-06-27T04:50:00.000Z;10235.953333333333
txCacheSize;2019-06-27T05:40:00.000Z;11248.34
txCacheSize;2019-06-27T06:30:00.000Z;10899.506666666666
txCacheSize;2019-06-27T07:20:00.000Z;11109.633333333335
txCacheSize;2019-06-27T08:10:00.000Z;10349.023333333334
txCacheSize;2019-06-27T09:00:00.000Z;10216.283333333333
txCacheSize;2019-06-27T09:50:00.000Z;11740.713333333333
txCacheSize;2019-06-27T10:40:00.000Z;10904.826666666666
txCacheSize;2019-06-27T11:30:00.000Z;10933.05
txCacheSize;2019-06-27T12:20:00.000Z;9702
txCacheSize;2019-06-27T13:10:00.000Z;11668.53
txCacheSize;2019-06-27T14:00:00.000Z;9050.546666666667
txCacheSize;2019-06-27T14:50:00.000Z;9218.5
txCacheSize;2019-06-27T15:40:00.000Z;11238.926666666666
txCacheSize;2019-06-27T16:30:00.000Z;10709.786666666667
txCacheSize;2019-06-27T17:20:00.000Z;11912.813333333334
txCacheSize;2019-06-27T18:10:00.000Z;11424.053333333333
txCacheSize;2019-06-27T19:00:00.000Z;9967.503333333332
txCacheSize;2019-06-27T19:50:00.000Z;10943.063333333334
txCacheSize;2019-06-27T20:40:00.000Z;11127.913333333334
txCacheSize;2019-06-27T21:30:00.000Z;11518.97
txCacheSize;2019-06-27T22:20:00.000Z;8245.59
txCacheSize;2019-06-27T23:10:00.000Z;11395.609999999997
txCacheSize;2019-06-28T00:00:00.000Z;10574.306666666667
txCacheSize;2019-06-28T00:50:00.000Z;9444.663333333334
txCacheSize;2019-06-28T01:40:00.000Z;10542.759999999998
txCacheSize;2019-06-28T02:30:00.000Z;10306.406666666668
txCacheSize;2019-06-28T03:20:00.000Z;10441.913333333334
txCacheSize;2019-06-28T04:10:00.000Z;10619.21
txCacheSize;2019-06-28T05:00:00.000Z;9389.366666666667
txCacheSize;2019-06-28T05:50:00.000Z;10062.176666666666
txCacheSize;2019-06-28T06:40:00.000Z;11229.146666666666
txCacheSize;2019-06-28T07:30:00.000Z;10010.683333333332
txCacheSize;2019-06-28T08:20:00.000Z;11271.973333333333
txCacheSize;2019-06-28T09:10:00.000Z;11345.320000000002
txCacheSize;2019-06-28T10:00:00.000Z;12012.883333333335
txCacheSize;2019-06-28T10:50:00.000Z;12921.503333333332
txCacheSize;2019-06-28T11:40:00.000Z;11701.920000000002
txCacheSize;2019-06-28T12:30:00.000Z;11852.046666666667
txCacheSize;2019-06-28T13:20:00.000Z;8866.076666666666
txCacheSize;2019-06-28T14:10:00.000Z;11876.490000000002
txCacheSize;2019-06-28T15:00:00.000Z;11078.24
txCacheSize;2019-06-28T15:50:00.000Z;12455.886666666667
txCacheSize;2019-06-28T16:40:00.000Z;10527.593333333334
txCacheSize;2019-06-28T17:30:00.000Z;10820.666666666666
txCacheSize;2019-06-28T18:20:00.000Z;10812.07
txCacheSize;2019-06-28T19:10:00.000Z;10676.26
txCacheSize;2019-06-28T20:00:00.000Z;11118.856666666665
txCacheSize;2019-06-28T20:50:00.000Z;11022.076666666666
txCacheSize;2019-06-28T21:40:00.000Z;10560.68
txCacheSize;2019-06-28T22:30:00.000Z;9751.039999999999
txCacheSize;2019-06-28T23:20:00.000Z;10195.279999999999
txCacheSize;2019-06-29T00:10:00.000Z;9525.216666666665
txCacheSize;2019-06-29T01:00:00.000Z;9582.773333333334
txCacheSize;2019-06-29T01:50:00.000Z;11861.946666666667
txCacheSize;2019-06-29T02:40:00.000Z;11137.439999999999
txCacheSize;2019-06-29T03:30:00.000Z;8736.85
txCacheSize;2019-06-29T04:20:00.000Z;9344.096666666668
txCacheSize;2019-06-29T05:10:00.000Z;8117.216666666665
txCacheSize;2019-06-29T06:00:00.000Z;8812.97
txCacheSize;2019-06-29T06:50:00.000Z;8428.92
txCacheSize;2019-06-29T07:40:00.000Z;8966.943333333333
txCacheSize;2019-06-29T08:30:00.000Z;7941.103333333334
txCacheSize;2019-06-29T09:20:00.000Z;7049.646666666666
txCacheSize;2019-06-29T10:10:00.000Z;10303.613333333333
txCacheSize;2019-06-29T11:00:00.000Z;7774.089999999999
txCacheSize;2019-06-29T11:50:00.000Z;6346.13
txCacheSize;2019-06-29T12:40:00.000Z;10524.616666666665
txCacheSize;2019-06-29T13:30:00.000Z;9944.443333333333
txCacheSize;2019-06-29T14:20:00.000Z;10624.27
txCacheSize;2019-06-29T15:10:00.000Z;9708.75
txCacheSize;2019-06-29T16:00:00.000Z;8212.746666666668
txCacheSize;2019-06-29T16:50:00.000Z;7907.426666666666
txCacheSize;2019-06-29T17:40:00.000Z;11734.27
txCacheSize;2019-06-29T18:30:00.000Z;10477.936666666666
txCacheSize;2019-06-29T19:20:00.000Z;10190.5
txCacheSize;2019-06-29T20:10:00.000Z;10885.646666666666
txCacheSize;2019-06-29T21:00:00.000Z;8498.883333333333
txCacheSize;2019-06-29T21:50:00.000Z;10346.55
txCacheSize;2019-06-29T22:40:00.000Z;5919.656666666666
txCacheSize;2019-06-29T23:30:00.000Z;4938.036666666666
txCacheSize;2019-06-30T00:20:00.000Z;6461.93
txCacheSize;2019-06-30T01:10:00.000Z;4806.793333333333
txCacheSize;2019-06-30T02:00:00.000Z;5581.92
txCacheSize;2019-06-30T02:50:00.000Z;9816.546666666667
txCacheSize;2019-06-30T03:40:00.000Z;9033.966666666667
txCacheSize;2019-06-30T04:30:00.000Z;8149.05
txCacheSize;2019-06-30T05:20:00.000Z;3994.073333333333
txCacheSize;2019-06-30T06:10:00.000Z;5584.303333333332
txCacheSize;2019-06-30T07:00:00.000Z;4717.661333333333
txCacheSize;2019-06-30T07:50:00.000Z;7035.7333333333345
txCacheSize;2019-06-30T08:40:00.000Z;9713.666666666666
txCacheSize;2019-06-30T09:30:00.000Z;9894.943333333333
txCacheSize;2019-06-30T10:20:00.000Z;8864.233333333334
txCacheSize;2019-06-30T11:10:00.000Z;6154.910000000001
txCacheSize;2019-06-30T12:00:00.000Z;6528.203333333333
txCacheSize;2019-06-30T12:50:00.000Z;5874.596666666666
txCacheSize;2019-06-30T13:40:00.000Z;7799.333333333333
txCacheSize;2019-06-30T14:30:00.000Z;9398.113333333331
txCacheSize;2019-06-30T15:20:00.000Z;7408.563333333334
txCacheSize;2019-06-30T16:10:00.000Z;8567.1
txCacheSize;2019-06-30T17:00:00.000Z;8244.806666666665
txCacheSize;2019-06-30T17:50:00.000Z;7350.793333333333
txCacheSize;2019-06-30T18:40:00.000Z;10237.226666666666
txCacheSize;2019-06-30T19:30:00.000Z;10009.51
txCacheSize;2019-06-30T20:20:00.000Z;9103.743333333334
txCacheSize;2019-06-30T21:10:00.000Z;8476.279999999999
txCacheSize;2019-06-30T22:00:00.000Z;5710.1033333333335
txCacheSize;2019-06-30T22:50:00.000Z;9440.916666666668
txCacheSize;2019-06-30T23:40:00.000Z;7815.753333333332
txCacheSize;2019-07-01T00:30:00.000Z;7187.576666666666
txCacheSize;2019-07-01T01:20:00.000Z;12280.873333333333
txCacheSize;2019-07-01T02:10:00.000Z;7346.136666666667
txCacheSize;2019-07-01T03:00:00.000Z;10736.36
txCacheSize;2019-07-01T03:50:00.000Z;9682.643333333332
txCacheSize;2019-07-01T04:40:00.000Z;10928.973333333333
txCacheSize;2019-07-01T05:30:00.000Z;10278.096666666668
txCacheSize;2019-07-01T06:20:00.000Z;10647.48
txCacheSize;2019-07-01T07:10:00.000Z;11756.556666666667
txCacheSize;2019-07-01T08:00:00.000Z;10011.713333333333
txCacheSize;2019-07-01T08:50:00.000Z;10769.923333333334
txCacheSize;2019-07-01T09:40:00.000Z;10564.566666666666
txCacheSize;2019-07-01T10:30:00.000Z;10387.76
txCacheSize;2019-07-01T11:20:00.000Z;9631.826666666668
txCacheSize;2019-07-01T12:10:00.000Z;10070.77
txCacheSize;2019-07-01T13:00:00.000Z;11834.829999999998
txCacheSize;2019-07-01T13:50:00.000Z;10917.866666666665
txCacheSize;2019-07-01T14:40:00.000Z;10701.266666666666
txCacheSize;2019-07-01T15:30:00.000Z;10479.163333333334
txCacheSize;2019-07-01T16:20:00.000Z;9762.13
txCacheSize;2019-07-01T17:10:00.000Z;10014.056666666667
txCacheSize;2019-07-01T18:00:00.000Z;10138.143333333333
txCacheSize;2019-07-01T18:50:00.000Z;10019.66
txCacheSize;2019-07-01T19:40:00.000Z;9894.67
txCacheSize;2019-07-01T20:30:00.000Z;11272.93
txCacheSize;2019-07-01T21:20:00.000Z;9125
txCacheSize;2019-07-01T22:10:00.000Z;10093.103333333333
txCacheSize;2019-07-01T23:00:00.000Z;10317.72
txCacheSize;2019-07-01T23:50:00.000Z;10498.893333333333
txCacheSize;2019-07-02T00:40:00.000Z;11117.913333333334
txCacheSize;2019-07-02T01:30:00.000Z;14298.176666666666
txCacheSize;2019-07-02T02:20:00.000Z;14510.466666666665
txCacheSize;2019-07-02T03:10:00.000Z;13241.853333333333
txCacheSize;2019-07-02T04:00:00.000Z;9778.493333333334
txCacheSize;2019-07-02T04:50:00.000Z;11426.226666666666
txCacheSize;2019-07-02T05:40:00.000Z;11178.403333333332
txCacheSize;2019-07-02T06:30:00.000Z;10256.990000000002
txCacheSize;2019-07-02T07:20:00.000Z;10933.566666666666
txCacheSize;2019-07-02T08:10:00.000Z;10165.146666666667
txCacheSize;2019-07-02T09:00:00.000Z;10564.913333333334
txCacheSize;2019-07-02T09:50:00.000Z;9716.476666666667
txCacheSize;2019-07-02T10:40:00.000Z;10344.663333333334
txCacheSize;2019-07-02T11:30:00.000Z;11081.953333333333
txCacheSize;2019-07-02T12:20:00.000Z;11716.223333333333
txCacheSize;2019-07-02T13:10:00.000Z;10916.829999999998
txCacheSize;2019-07-02T14:00:00.000Z;9521.686666666666
txCacheSize;2019-07-02T14:50:00.000Z;7464.923333333334
txCacheSize;2019-07-02T15:40:00.000Z;11142.396666666666
txCacheSize;2019-07-02T16:30:00.000Z;11178.083333333332
txCacheSize;2019-07-02T17:20:00.000Z;10629.06
txCacheSize;2019-07-02T18:10:00.000Z;11285.936666666666
txCacheSize;2019-07-02T19:00:00.000Z;9629.313333333334
txCacheSize;2019-07-02T19:50:00.000Z;10236.376666666667
txCacheSize;2019-07-02T20:40:00.000Z;10239.243333333334
txCacheSize;2019-07-02T21:30:00.000Z;10912.983333333334
txCacheSize;2019-07-02T22:20:00.000Z;10354.253333333334
txCacheSize;2019-07-02T23:10:00.000Z;8941.2
txCacheSize;2019-07-03T00:00:00.000Z;9488.146666666666
txCacheSize;2019-07-03T00:50:00.000Z;7534.913333333333
txCacheSize;2019-07-03T01:40:00.000Z;12994.613333333333
txCacheSize;2019-07-03T02:30:00.000Z;11797.426666666666
txCacheSize;2019-07-03T03:20:00.000Z;10757.823333333334
txCacheSize;2019-07-03T04:10:00.000Z;9277.720000000001
txCacheSize;2019-07-03T05:00:00.000Z;11026.26
txCacheSize;2019-07-03T05:50:00.000Z;9325.563333333334
txCacheSize;2019-07-03T06:40:00.000Z;6779.556666666666
txCacheSize;2019-07-03T07:30:00.000Z;9084.763333333332
txCacheSize;2019-07-03T08:20:00.000Z;5648.8
txCacheSize;2019-07-03T09:10:00.000Z;6940.9299999999985
txCacheSize;2019-07-03T10:00:00.000Z;9830.920000000002
txCacheSize;2019-07-03T10:50:00.000Z;10021.736666666668
txCacheSize;2019-07-03T11:40:00.000Z;10655.58
txCacheSize;2019-07-03T12:30:00.000Z;10869.433333333334
txCacheSize;2019-07-03T13:20:00.000Z;7419.426666666666
txCacheSize;2019-07-03T14:10:00.000Z;10168.99
txCacheSize;2019-07-03T15:00:00.000Z;8830.446666666667
txCacheSize;2019-07-03T15:50:00.000Z;10334.243333333334
txCacheSize;2019-07-03T16:40:00.000Z;12151.566666666668
txCacheSize;2019-07-03T17:30:00.000Z;11255.686666666666
txCacheSize;2019-07-03T18:20:00.000Z;10814.093333333332
txCacheSize;2019-07-03T19:10:00.000Z;8747.310000000001
txCacheSize;2019-07-03T20:00:00.000Z;7429.106666666667
txCacheSize;2019-07-03T20:50:00.000Z;11076.11
txCacheSize;2019-07-03T21:40:00.000Z;10219.679999999998
txCacheSize;2019-07-03T22:30:00.000Z;10830.783333333333
txCacheSize;2019-07-03T23:20:00.000Z;8915.366666666665
txCacheSize;2019-07-04T00:10:00.000Z;3316.5899999999992
txCacheSize;2019-07-04T01:00:00.000Z;6216.266666666667
txCacheSize;2019-07-04T01:50:00.000Z;3817.5533333333333
txCacheSize;2019-07-04T02:40:00.000Z;10740.396666666667
txCacheSize;2019-07-04T03:30:00.000Z;8079.860000000001
txCacheSize;2019-07-04T04:20:00.000Z;9463.826666666666
txCacheSize;2019-07-04T05:10:00.000Z;8421.846666666668
txCacheSize;2019-07-04T06:00:00.000Z;8267.140000000001
txCacheSize;2019-07-04T06:50:00.000Z;7943.3133333333335
txCacheSize;2019-07-04T07:40:00.000Z;4017.9266666666663
txCacheSize;2019-07-04T08:30:00.000Z;11233.496666666666
txCacheSize;2019-07-04T09:20:00.000Z;5750.623333333334
txCacheSize;2019-07-04T10:10:00.000Z;10273.743333333336
txCacheSize;2019-07-04T11:00:00.000Z;10468.733333333334
txCacheSize;2019-07-04T11:50:00.000Z;10389.17
txCacheSize;2019-07-04T12:40:00.000Z;10959.12
txCacheSize;2019-07-04T13:30:00.000Z;11356.836666666666
txCacheSize;2019-07-04T14:20:00.000Z;11350.76
txCacheSize;2019-07-04T15:10:00.000Z;8842.05
txCacheSize;2019-07-04T16:00:00.000Z;10689.933333333332
txCacheSize;2019-07-04T16:50:00.000Z;8612.59
txCacheSize;2019-07-04T17:40:00.000Z;9432.18
txCacheSize;2019-07-04T18:30:00.000Z;9423.576666666666
txCacheSize;2019-07-04T19:20:00.000Z;7605.886666666667
txCacheSize;2019-07-04T20:10:00.000Z;9619.406666666666
txCacheSize;2019-07-04T21:00:00.000Z;9158.426666666666
txCacheSize;2019-07-04T21:50:00.000Z;8493.266666666666
txCacheSize;2019-07-04T22:40:00.000Z;4342.733333333334
txCacheSize;2019-07-04T23:30:00.000Z;6795.253333333334
txCacheSize;2019-07-05T00:20:00.000Z;2912.6433333333334
txCacheSize;2019-07-05T01:10:00.000Z;4974.67
txCacheSize;2019-07-05T02:00:00.000Z;6544.896666666667
txCacheSize;2019-07-05T02:50:00.000Z;8347.783333333333
txCacheSize;2019-07-05T03:40:00.000Z;7107.713333333333
txCacheSize;2019-07-05T04:30:00.000Z;7117.639999999999
txCacheSize;2019-07-05T05:20:00.000Z;8672.64
txCacheSize;2019-07-05T06:10:00.000Z;5767.65
txCacheSize;2019-07-05T07:00:00.000Z;4840.32
txCacheSize;2019-07-05T07:50:00.000Z;5286.943333333334
txCacheSize;2019-07-05T08:40:00.000Z;10093.583333333334
txCacheSize;2019-07-05T09:30:00.000Z;10224.306666666667
txCacheSize;2019-07-05T10:20:00.000Z;10882.61
txCacheSize;2019-07-05T11:10:00.000Z;8906.15
txCacheSize;2019-07-05T12:00:00.000Z;9693.333333333332
txCacheSize;2019-07-05T12:50:00.000Z;10589.876666666667
txCacheSize;2019-07-05T13:40:00.000Z;9006.983333333334
txCacheSize;2019-07-05T14:30:00.000Z;8854.743333333334
txCacheSize;2019-07-05T15:20:00.000Z;10368.136666666667
txCacheSize;2019-07-05T16:10:00.000Z;10662.11
txCacheSize;2019-07-05T17:00:00.000Z;9909.273333333334
txCacheSize;2019-07-05T17:50:00.000Z;9630.319999999998
txCacheSize;2019-07-05T18:40:00.000Z;8866.15
txCacheSize;2019-07-05T19:30:00.000Z;8610.289999999999
txCacheSize;2019-07-05T20:20:00.000Z;8963.220000000001
txCacheSize;2019-07-05T21:10:00.000Z;4511.196666666668
txCacheSize;2019-07-05T22:00:00.000Z;5739.8533333333335
txCacheSize;2019-07-05T22:50:00.000Z;5951.036666666667
txCacheSize;2019-07-05T23:40:00.000Z;4914.6
txCacheSize;2019-07-06T00:30:00.000Z;10837.6
txCacheSize;2019-07-06T01:20:00.000Z;13380.583333333334
txCacheSize;2019-07-06T02:10:00.000Z;7374.796666666666
txCacheSize;2019-07-06T03:00:00.000Z;6096.966666666667
txCacheSize;2019-07-06T03:50:00.000Z;11446.856666666667
txCacheSize;2019-07-06T04:40:00.000Z;6252.42
txCacheSize;2019-07-06T05:30:00.000Z;4273.17
txCacheSize;2019-07-06T06:20:00.000Z;3329.216666666667
txCacheSize;2019-07-06T07:10:00.000Z;6309.946666666667
txCacheSize;2019-07-06T08:00:00.000Z;8840.97
txCacheSize;2019-07-06T08:50:00.000Z;4077.7033333333334
txCacheSize;2019-07-06T09:40:00.000Z;5487.0599999999995
txCacheSize;2019-07-06T10:30:00.000Z;6623.3200000000015
txCacheSize;2019-07-06T11:20:00.000Z;6830.413333333333
txCacheSize;2019-07-06T12:10:00.000Z;3835.2300000000005
txCacheSize;2019-07-06T13:00:00.000Z;8248.803333333333
txCacheSize;2019-07-06T13:50:00.000Z;8312.903333333332
txCacheSize;2019-07-06T14:40:00.000Z;11189.189999999999
txCacheSize;2019-07-06T15:30:00.000Z;10182.053333333333
txCacheSize;2019-07-06T16:20:00.000Z;8262.986666666666
txCacheSize;2019-07-06T17:10:00.000Z;5394.286666666667
txCacheSize;2019-07-06T18:00:00.000Z;6657.733333333333
txCacheSize;2019-07-06T18:50:00.000Z;5066.283333333334
txCacheSize;2019-07-06T19:40:00.000Z;6075.943333333334
txCacheSize;2019-07-06T20:30:00.000Z;6202.776666666667
txCacheSize;2019-07-06T21:20:00.000Z;3637.1699999999996
txCacheSize;2019-07-06T22:10:00.000Z;10015.096666666666
txCacheSize;2019-07-06T23:00:00.000Z;5473.1466666666665
txCacheSize;2019-07-06T23:50:00.000Z;3521.4433333333336
txCacheSize;2019-07-07T00:40:00.000Z;3225.9433333333336
txCacheSize;2019-07-07T01:30:00.000Z;4640.6900000000005
txCacheSize;2019-07-07T02:20:00.000Z;7955.6833333333325
txCacheSize;2019-07-07T03:10:00.000Z;13252.733333333334
txCacheSize;2019-07-07T04:00:00.000Z;7959.056666666666
txCacheSize;2019-07-07T04:50:00.000Z;4997.533333333333
txCacheSize;2019-07-07T05:40:00.000Z;7279.229999999999
txCacheSize;2019-07-07T06:30:00.000Z;5308.74
txCacheSize;2019-07-07T07:20:00.000Z;4014.0166666666673
txCacheSize;2019-07-07T08:10:00.000Z;4740.256666666666
txCacheSize;2019-07-07T09:00:00.000Z;6423.793333333333
txCacheSize;2019-07-07T09:50:00.000Z;6585.9800000000005
txCacheSize;2019-07-07T10:40:00.000Z;2481.846666666667
txCacheSize;2019-07-07T11:30:00.000Z;9644.9
txCacheSize;2019-07-07T12:20:00.000Z;10387.75
txCacheSize;2019-07-07T13:10:00.000Z;6344.900000000001
txCacheSize;2019-07-07T14:00:00.000Z;7003.123333333334
txCacheSize;2019-07-07T14:50:00.000Z;6153.26
txCacheSize;2019-07-07T15:40:00.000Z;9491.363333333333
txCacheSize;2019-07-07T16:30:00.000Z;11871.766666666666
txCacheSize;2019-07-07T17:20:00.000Z;11105.246666666668
txCacheSize;2019-07-07T18:10:00.000Z;9518.193333333333
txCacheSize;2019-07-07T19:00:00.000Z;4636.226666666667
txCacheSize;2019-07-07T19:50:00.000Z;6535.043333333333
txCacheSize;2019-07-07T20:40:00.000Z;6898.389999999999
txCacheSize;2019-07-07T21:30:00.000Z;2931.499999999999
txCacheSize;2019-07-07T22:20:00.000Z;8139.35
txCacheSize;2019-07-07T23:10:00.000Z;4503.576666666666
txCacheSize;2019-07-08T00:00:00.000Z;3229.9900000000002
txCacheSize;2019-07-08T00:50:00.000Z;3944.4933333333333
txCacheSize;2019-07-08T01:40:00.000Z;3675.6899999999996
txCacheSize;2019-07-08T02:30:00.000Z;7807.780000000001
txCacheSize;2019-07-08T03:20:00.000Z;5643.273333333333
txCacheSize;2019-07-08T04:10:00.000Z;8899.093333333334
txCacheSize;2019-07-08T05:00:00.000Z;8478.626666666667
txCacheSize;2019-07-08T05:50:00.000Z;9241.163333333334
txCacheSize;2019-07-08T06:40:00.000Z;5712.5
txCacheSize;2019-07-08T07:30:00.000Z;9472.886666666667
txCacheSize;2019-07-08T08:20:00.000Z;8351.446666666667
txCacheSize;2019-07-08T09:10:00.000Z;9571.273333333334
txCacheSize;2019-07-08T10:00:00.000Z;10417.789999999999
txCacheSize;2019-07-08T10:50:00.000Z;10531.903333333332
txCacheSize;2019-07-08T11:40:00.000Z;8560.613333333333
txCacheSize;2019-07-08T12:30:00.000Z;10055.596666666668
txCacheSize;2019-07-08T13:20:00.000Z;12328
txCacheSize;2019-07-08T14:10:00.000Z;9867.896666666667
txCacheSize;2019-07-08T15:00:00.000Z;9926.043333333331
txCacheSize;2019-07-08T15:50:00.000Z;9452.546666666667
txCacheSize;2019-07-08T16:40:00.000Z;11594.166666666668
txCacheSize;2019-07-08T17:30:00.000Z;8098.706666666668
txCacheSize;2019-07-08T18:20:00.000Z;9962.893333333333
txCacheSize;2019-07-08T19:10:00.000Z;9339.673333333334
txCacheSize;2019-07-08T20:00:00.000Z;9823.706666666665
txCacheSize;2019-07-08T20:50:00.000Z;9785.243333333334
txCacheSize;2019-07-08T21:40:00.000Z;9208
txCacheSize;2019-07-08T22:30:00.000Z;8308.650000000001
txCacheSize;2019-07-08T23:20:00.000Z;8685.036666666667
txCacheSize;2019-07-09T00:10:00.000Z;9688.05
txCacheSize;2019-07-09T01:00:00.000Z;5677.639999999999
txCacheSize;2019-07-09T01:50:00.000Z;9316.776666666667
txCacheSize;2019-07-09T02:40:00.000Z;9782.316666666668
txCacheSize;2019-07-09T03:30:00.000Z;10300.303333333333
txCacheSize;2019-07-09T04:20:00.000Z;5997.733333333333
txCacheSize;2019-07-09T05:10:00.000Z;4310.58
txCacheSize;2019-07-09T06:00:00.000Z;9392.726666666667
txCacheSize;2019-07-09T06:50:00.000Z;7432.9800000000005
txCacheSize;2019-07-09T07:40:00.000Z;6490.873333333334
txCacheSize;2019-07-09T08:30:00.000Z;10737.193333333333
txCacheSize;2019-07-09T09:20:00.000Z;11110.96
txCacheSize;2019-07-09T10:10:00.000Z;10963.513333333332
txCacheSize;2019-07-09T11:00:00.000Z;10373.973333333333
txCacheSize;2019-07-09T11:50:00.000Z;11615.286666666667
txCacheSize;2019-07-09T12:40:00.000Z;10645.3
txCacheSize;2019-07-09T13:30:00.000Z;8990.126666666667
txCacheSize;2019-07-09T14:20:00.000Z;9113.37
txCacheSize;2019-07-09T15:10:00.000Z;8977.21
txCacheSize;2019-07-09T16:00:00.000Z;10507.886666666667
txCacheSize;2019-07-09T16:50:00.000Z;10045.496666666666
txCacheSize;2019-07-09T17:40:00.000Z;10394.283333333333
txCacheSize;2019-07-09T18:30:00.000Z;11208.02
txCacheSize;2019-07-09T19:20:00.000Z;8043.713333333333
txCacheSize;2019-07-09T20:10:00.000Z;9740
txCacheSize;2019-07-09T21:00:00.000Z;11494.133333333333
txCacheSize;2019-07-09T21:50:00.000Z;8825.746666666668
txCacheSize;2019-07-09T22:40:00.000Z;10275.15
txCacheSize;2019-07-09T23:30:00.000Z;10104.66
txCacheSize;2019-07-10T00:20:00.000Z;8110.863333333333
txCacheSize;2019-07-10T01:10:00.000Z;10202.696666666667
txCacheSize;2019-07-10T02:00:00.000Z;13537.326666666666
txCacheSize;2019-07-10T02:50:00.000Z;11517.306666666667
txCacheSize;2019-07-10T03:40:00.000Z;12793.996666666668
txCacheSize;2019-07-10T04:30:00.000Z;10838.36
txCacheSize;2019-07-10T05:20:00.000Z;11509.44
txCacheSize;2019-07-10T06:10:00.000Z;12266.213333333333
txCacheSize;2019-07-10T07:00:00.000Z;12676.843333333332
txCacheSize;2019-07-10T07:50:00.000Z;12006.63
txCacheSize;2019-07-10T08:40:00.000Z;11886.8
txCacheSize;2019-07-10T09:30:00.000Z;12309.960000000001
txCacheSize;2019-07-10T10:20:00.000Z;7462.870000000001
txCacheSize;2019-07-10T11:10:00.000Z;11710.076666666666
txCacheSize;2019-07-10T12:00:00.000Z;13280.923333333334
txCacheSize;2019-07-10T12:50:00.000Z;12615.096666666665
txCacheSize;2019-07-10T13:40:00.000Z;7813.5199999999995
txCacheSize;2019-07-10T14:30:00.000Z;10054.046666666667
txCacheSize;2019-07-10T15:20:00.000Z;10531.683333333334
txCacheSize;2019-07-10T16:10:00.000Z;11800.643333333332
txCacheSize;2019-07-10T17:00:00.000Z;11245.98
txCacheSize;2019-07-10T17:50:00.000Z;9719.630000000001
txCacheSize;2019-07-10T18:40:00.000Z;10069.01
txCacheSize;2019-07-10T19:30:00.000Z;10072.706666666667
txCacheSize;2019-07-10T20:20:00.000Z;10327.313333333334
txCacheSize;2019-07-10T21:10:00.000Z;11339.963333333333
txCacheSize;2019-07-10T22:00:00.000Z;13000.456666666667
txCacheSize;2019-07-10T22:50:00.000Z;9943.12
txCacheSize;2019-07-10T23:40:00.000Z;10178.296666666667
txCacheSize;2019-07-11T00:30:00.000Z;10604.433333333334
txCacheSize;2019-07-11T01:20:00.000Z;11080.119999999999
txCacheSize;2019-07-11T02:10:00.000Z;11479.113333333333
txCacheSize;2019-07-11T03:00:00.000Z;12110.923333333334
txCacheSize;2019-07-11T03:50:00.000Z;11605.623333333333
txCacheSize;2019-07-11T04:40:00.000Z;10535.130000000001
txCacheSize;2019-07-11T05:30:00.000Z;10637.773333333334
txCacheSize;2019-07-11T06:20:00.000Z;11501.24
txCacheSize;2019-07-11T07:10:00.000Z;11287.103333333333
txCacheSize;2019-07-11T08:00:00.000Z;11472.98
txCacheSize;2019-07-11T08:50:00.000Z;11848.556666666667
txCacheSize;2019-07-11T09:40:00.000Z;10793.503333333332
txCacheSize;2019-07-11T10:30:00.000Z;10828.053333333333
txCacheSize;2019-07-11T11:20:00.000Z;9752.45
txCacheSize;2019-07-11T12:10:00.000Z;11683.263333333332
txCacheSize;2019-07-11T13:00:00.000Z;10322.68
txCacheSize;2019-07-11T13:50:00.000Z;11345.313333333334
txCacheSize;2019-07-11T14:40:00.000Z;12580.933333333334
txCacheSize;2019-07-11T15:30:00.000Z;9424.123333333333
txCacheSize;2019-07-11T16:20:00.000Z;10287.506666666668
txCacheSize;2019-07-11T17:10:00.000Z;8020.960000000001
txCacheSize;2019-07-11T18:00:00.000Z;9715.923333333332
txCacheSize;2019-07-11T18:50:00.000Z;9232.973333333333
txCacheSize;2019-07-11T19:40:00.000Z;11333.313333333334
txCacheSize;2019-07-11T20:30:00.000Z;10815.116666666669
txCacheSize;2019-07-11T21:20:00.000Z;11058.92
txCacheSize;2019-07-11T22:10:00.000Z;10955.836666666666
txCacheSize;2019-07-11T23:00:00.000Z;10515.253333333334
txCacheSize;2019-07-11T23:50:00.000Z;11852.376666666667
txCacheSize;2019-07-12T00:40:00.000Z;11944.366666666665
txCacheSize;2019-07-12T01:30:00.000Z;12182.59
txCacheSize;2019-07-12T02:20:00.000Z;11589.593333333334
txCacheSize;2019-07-12T03:10:00.000Z;10060.026666666667
txCacheSize;2019-07-12T04:00:00.000Z;10577.706666666669
txCacheSize;2019-07-12T04:50:00.000Z;8241.39
txCacheSize;2019-07-12T05:40:00.000Z;8677.736666666668
txCacheSize;2019-07-12T06:30:00.000Z;10504.366666666667
txCacheSize;2019-07-12T07:20:00.000Z;9773.423333333334
txCacheSize;2019-07-12T08:10:00.000Z;10006.513333333332
txCacheSize;2019-07-12T09:00:00.000Z;10885.32
txCacheSize;2019-07-12T09:50:00.000Z;11318.936666666666
txCacheSize;2019-07-12T10:40:00.000Z;10394.706666666665
txCacheSize;2019-07-12T11:30:00.000Z;9227.803333333333
txCacheSize;2019-07-12T12:20:00.000Z;10043.543333333335
txCacheSize;2019-07-12T13:10:00.000Z;10612.613333333333
txCacheSize;2019-07-12T14:00:00.000Z;7675.116666666667
txCacheSize;2019-07-12T14:50:00.000Z;9667.616666666665
txCacheSize;2019-07-12T15:40:00.000Z;11313.39
txCacheSize;2019-07-12T16:30:00.000Z;11480.18
txCacheSize;2019-07-12T17:20:00.000Z;7979.06
txCacheSize;2019-07-12T18:10:00.000Z;11296.596666666668
txCacheSize;2019-07-12T19:00:00.000Z;11027.18333333333
txCacheSize;2019-07-12T19:50:00.000Z;9891.606666666665
txCacheSize;2019-07-12T20:40:00.000Z;9655.346666666668
txCacheSize;2019-07-12T21:30:00.000Z;9358.859999999999
txCacheSize;2019-07-12T22:20:00.000Z;8622.939999999999
txCacheSize;2019-07-12T23:10:00.000Z;10669.173333333332
txCacheSize;2019-07-13T00:00:00.000Z;8868.6
txCacheSize;2019-07-13T00:50:00.000Z;9414.22
txCacheSize;2019-07-13T01:40:00.000Z;7749.286666666667
txCacheSize;2019-07-13T02:30:00.000Z;10681.653333333332
txCacheSize;2019-07-13T03:20:00.000Z;12122.786666666667
txCacheSize;2019-07-13T04:10:00.000Z;8300.683333333332
txCacheSize;2019-07-13T05:00:00.000Z;7370.45
txCacheSize;2019-07-13T05:50:00.000Z;8809.626666666667
txCacheSize;2019-07-13T06:40:00.000Z;8101.280000000001
txCacheSize;2019-07-13T07:30:00.000Z;5254.780000000001
txCacheSize;2019-07-13T08:20:00.000Z;5800.946666666667
txCacheSize;2019-07-13T09:10:00.000Z;8748.76
txCacheSize;2019-07-13T10:00:00.000Z;9859.546666666665
txCacheSize;2019-07-13T10:50:00.000Z;9843.083333333334
txCacheSize;2019-07-13T11:40:00.000Z;7194.083333333333
txCacheSize;2019-07-13T12:30:00.000Z;10954.780000000002
txCacheSize;2019-07-13T13:20:00.000Z;5730.9400000000005
txCacheSize;2019-07-13T14:10:00.000Z;6869.94
txCacheSize;2019-07-13T15:00:00.000Z;9091.156666666666
txCacheSize;2019-07-13T15:50:00.000Z;9804.526666666667
txCacheSize;2019-07-13T16:40:00.000Z;11194.376666666667
txCacheSize;2019-07-13T17:30:00.000Z;11102.906666666668
txCacheSize;2019-07-13T18:20:00.000Z;12105.553333333333
txCacheSize;2019-07-13T19:10:00.000Z;10149.48
txCacheSize;2019-07-13T20:00:00.000Z;5812.693333333334
txCacheSize;2019-07-13T20:50:00.000Z;4459.96
txCacheSize;2019-07-13T21:40:00.000Z;6050.45
txCacheSize;2019-07-13T22:30:00.000Z;4666.593333333333
txCacheSize;2019-07-13T23:20:00.000Z;3839.8266666666664
txCacheSize;2019-07-14T00:10:00.000Z;7257.113333333333
txCacheSize;2019-07-14T01:00:00.000Z;7167.886666666667
txCacheSize;2019-07-14T01:50:00.000Z;6857.736666666667
txCacheSize;2019-07-14T02:40:00.000Z;5065.160000000001
txCacheSize;2019-07-14T03:30:00.000Z;4064.433333333333
txCacheSize;2019-07-14T04:20:00.000Z;5629.053333333333
txCacheSize;2019-07-14T05:10:00.000Z;5995.056666666666
txCacheSize;2019-07-14T06:00:00.000Z;6029.500000000001
txCacheSize;2019-07-14T06:50:00.000Z;4421.766666666667
txCacheSize;2019-07-14T07:40:00.000Z;4526.586666666666
txCacheSize;2019-07-14T08:30:00.000Z;4274.39
txCacheSize;2019-07-14T09:20:00.000Z;8466.993333333332
txCacheSize;2019-07-14T10:10:00.000Z;6631.4366666666665
txCacheSize;2019-07-14T11:00:00.000Z;10840.666666666666
txCacheSize;2019-07-14T11:50:00.000Z;10517.763333333332
txCacheSize;2019-07-14T12:40:00.000Z;9684.576666666668
txCacheSize;2019-07-14T13:30:00.000Z;8049.963333333333
txCacheSize;2019-07-14T14:20:00.000Z;8953.496666666668
txCacheSize;2019-07-14T15:10:00.000Z;9405.473333333333
txCacheSize;2019-07-14T16:00:00.000Z;7709.323333333334
txCacheSize;2019-07-14T16:50:00.000Z;9701.746666666666
txCacheSize;2019-07-14T17:40:00.000Z;8679.016666666666
txCacheSize;2019-07-14T18:30:00.000Z;4230.213333333333
txCacheSize;2019-07-14T19:20:00.000Z;5110.3133333333335
txCacheSize;2019-07-14T20:10:00.000Z;6175.953333333333
txCacheSize;2019-07-14T21:00:00.000Z;2737
txCacheSize;2019-07-14T21:50:00.000Z;10192.529999999999
txCacheSize;2019-07-14T22:40:00.000Z;10471.766666666666
txCacheSize;2019-07-14T23:30:00.000Z;10119.076666666666
txCacheSize;2019-07-15T00:20:00.000Z;8807.573333333332
txCacheSize;2019-07-15T01:10:00.000Z;5911.61
txCacheSize;2019-07-15T02:00:00.000Z;5995.4766666666665
txCacheSize;2019-07-15T02:50:00.000Z;7760.8133333333335
txCacheSize;2019-07-15T03:40:00.000Z;6351.1466666666665
txCacheSize;2019-07-15T04:30:00.000Z;11969.5
txCacheSize;2019-07-15T05:20:00.000Z;6275.833333333334
txCacheSize;2019-07-15T06:10:00.000Z;9982.023333333334
txCacheSize;2019-07-15T07:00:00.000Z;6092.266666666667
txCacheSize;2019-07-15T07:50:00.000Z;11424.89
txCacheSize;2019-07-15T08:40:00.000Z;8624.916666666668
txCacheSize;2019-07-15T09:30:00.000Z;8106.5
txCacheSize;2019-07-15T10:20:00.000Z;6819.466666666665
txCacheSize;2019-07-15T11:10:00.000Z;11583.136666666667
txCacheSize;2019-07-15T12:00:00.000Z;11214.906666666666
txCacheSize;2019-07-15T12:50:00.000Z;11265.203333333333
txCacheSize;2019-07-15T13:40:00.000Z;9756.053333333333
txCacheSize;2019-07-15T14:30:00.000Z;8544.066666666666
txCacheSize;2019-07-15T15:20:00.000Z;11007.02
txCacheSize;2019-07-15T16:10:00.000Z;11401.686666666666
txCacheSize;2019-07-15T17:00:00.000Z;11633.18333333333
txCacheSize;2019-07-15T17:50:00.000Z;11430.093333333334
txCacheSize;2019-07-15T18:40:00.000Z;9387.99
txCacheSize;2019-07-15T19:30:00.000Z;10547.033333333335
txCacheSize;2019-07-15T20:20:00.000Z;9717.123333333333
txCacheSize;2019-07-15T21:10:00.000Z;12316.193333333333
txCacheSize;2019-07-15T22:00:00.000Z;11032.486666666668
txCacheSize;2019-07-15T22:50:00.000Z;6955.806666666666
txCacheSize;2019-07-15T23:40:00.000Z;9145.193333333335
txCacheSize;2019-07-16T00:30:00.000Z;7215.8133333333335
txCacheSize;2019-07-16T01:20:00.000Z;9631.67
txCacheSize;2019-07-16T02:10:00.000Z;5797.576666666667
txCacheSize;2019-07-16T03:00:00.000Z;13637.706666666669
txCacheSize;2019-07-16T03:50:00.000Z;10615.34
txCacheSize;2019-07-16T04:40:00.000Z;11761.26
txCacheSize;2019-07-16T05:30:00.000Z;6968.780000000001
txCacheSize;2019-07-16T06:20:00.000Z;7947.483333333333
txCacheSize;2019-07-16T07:10:00.000Z;8655.186666666666
txCacheSize;2019-07-16T08:00:00.000Z;5265.8066666666655
txCacheSize;2019-07-16T08:50:00.000Z;6086.17
txCacheSize;2019-07-16T09:40:00.000Z;9558.393333333333
txCacheSize;2019-07-16T10:30:00.000Z;7671.656666666667
txCacheSize;2019-07-16T11:20:00.000Z;7695.93
txCacheSize;2019-07-16T12:10:00.000Z;8423.003333333332
txCacheSize;2019-07-16T13:00:00.000Z;5979.433333333333
txCacheSize;2019-07-16T13:50:00.000Z;8193.826666666666
txCacheSize;2019-07-16T14:40:00.000Z;6741.926666666666
txCacheSize;2019-07-16T15:30:00.000Z;8519.060000000001
txCacheSize;2019-07-16T16:20:00.000Z;11723.16
txCacheSize;2019-07-16T17:10:00.000Z;10258.603333333333
txCacheSize;2019-07-16T18:00:00.000Z;11145.846666666666
txCacheSize;2019-07-16T18:50:00.000Z;11687.73
txCacheSize;2019-07-16T19:40:00.000Z;10705.296666666667
txCacheSize;2019-07-16T20:30:00.000Z;6129.383333333334
txCacheSize;2019-07-16T21:20:00.000Z;5391.0633333333335
txCacheSize;2019-07-16T22:10:00.000Z;6049.91
txCacheSize;2019-07-16T23:00:00.000Z;7237.6866666666665
txCacheSize;2019-07-16T23:50:00.000Z;3875.7966666666666
txCacheSize;2019-07-17T00:40:00.000Z;11789.358666666667
txCacheSize;2019-07-17T01:30:00.000Z;10359.156666666666
txCacheSize;2019-07-17T02:20:00.000Z;7055.413333333333
txCacheSize;2019-07-17T03:10:00.000Z;2797.7699999999995
txCacheSize;2019-07-17T04:00:00.000Z;6093.026666666667
txCacheSize;2019-07-17T04:50:00.000Z;6911.533333333333
txCacheSize;2019-07-17T05:40:00.000Z;5911
txCacheSize;2019-07-17T06:30:00.000Z;7987.416666666666
txCacheSize;2019-07-17T07:20:00.000Z;10738.6
txCacheSize;2019-07-17T08:10:00.000Z;11807.990000000002
txCacheSize;2019-07-17T09:00:00.000Z;11259.74
txCacheSize;2019-07-17T09:50:00.000Z;10689.02
txInMemoryPool;2019-06-17T11:30:00.000Z;18739.483333333334
txInMemoryPool;2019-06-17T12:20:00.000Z;22587.856666666667
txInMemoryPool;2019-06-17T13:10:00.000Z;27388.120000000003
txInMemoryPool;2019-06-17T14:00:00.000Z;33879.25666666667
txInMemoryPool;2019-06-17T14:50:00.000Z;44014
txInMemoryPool;2019-06-17T15:40:00.000Z;45833.77466666667
txInMemoryPool;2019-06-17T16:30:00.000Z;52685.52
txInMemoryPool;2019-06-17T17:20:00.000Z;52176.159999999996
txInMemoryPool;2019-06-17T18:10:00.000Z;46414.706666666665
txInMemoryPool;2019-06-17T19:00:00.000Z;49317.076666666675
txInMemoryPool;2019-06-17T19:50:00.000Z;46264.903333333335
txInMemoryPool;2019-06-17T20:40:00.000Z;47007.585333333336
txInMemoryPool;2019-06-17T21:30:00.000Z;44350.99999999999
txInMemoryPool;2019-06-17T22:20:00.000Z;42112.59333333334
txInMemoryPool;2019-06-17T23:10:00.000Z;41545.596666666665
txInMemoryPool;2019-06-18T00:00:00.000Z;39187.030000000006
txInMemoryPool;2019-06-18T00:50:00.000Z;38118.32000000001
txInMemoryPool;2019-06-18T01:40:00.000Z;38201.46333333333
txInMemoryPool;2019-06-18T02:30:00.000Z;37890.40466666666
txInMemoryPool;2019-06-18T03:20:00.000Z;40306.673333333325
txInMemoryPool;2019-06-18T04:10:00.000Z;34419.16333333334
txInMemoryPool;2019-06-18T05:00:00.000Z;33766.716666666674
txInMemoryPool;2019-06-18T05:50:00.000Z;24714.306666666664
txInMemoryPool;2019-06-18T06:40:00.000Z;25965.256666666664
txInMemoryPool;2019-06-18T07:30:00.000Z;24084.280666666666
txInMemoryPool;2019-06-18T08:20:00.000Z;22513.833333333336
txInMemoryPool;2019-06-18T09:10:00.000Z;24641.233333333334
txInMemoryPool;2019-06-18T10:00:00.000Z;24432.82
txInMemoryPool;2019-06-18T10:50:00.000Z;23802.693333333336
txInMemoryPool;2019-06-18T11:40:00.000Z;24506.46
txInMemoryPool;2019-06-18T12:30:00.000Z;24165.613999999998
txInMemoryPool;2019-06-18T13:20:00.000Z;25844.413333333334
txInMemoryPool;2019-06-18T14:10:00.000Z;21649.03
txInMemoryPool;2019-06-18T15:00:00.000Z;20948.90666666667
txInMemoryPool;2019-06-18T15:50:00.000Z;16142.809999999998
txInMemoryPool;2019-06-18T16:40:00.000Z;11991.966666666665
txInMemoryPool;2019-06-18T17:30:00.000Z;17608.888666666662
txInMemoryPool;2019-06-18T18:20:00.000Z;25467.716666666667
txInMemoryPool;2019-06-18T19:10:00.000Z;26441.65666666667
txInMemoryPool;2019-06-18T20:00:00.000Z;24944.760000000002
txInMemoryPool;2019-06-18T20:50:00.000Z;25713.940000000002
txInMemoryPool;2019-06-18T21:40:00.000Z;19935.433333333334
txInMemoryPool;2019-06-18T22:30:00.000Z;14132.55
txInMemoryPool;2019-06-18T23:20:00.000Z;10349.72
txInMemoryPool;2019-06-19T00:10:00.000Z;10553.140000000001
txInMemoryPool;2019-06-19T01:00:00.000Z;10942.906666666666
txInMemoryPool;2019-06-19T01:50:00.000Z;11104.446666666667
txInMemoryPool;2019-06-19T02:40:00.000Z;6568.883333333333
txInMemoryPool;2019-06-19T03:30:00.000Z;6047.996666666666
txInMemoryPool;2019-06-19T04:20:00.000Z;4449.558666666666
txInMemoryPool;2019-06-19T05:10:00.000Z;6676.1799999999985
txInMemoryPool;2019-06-19T06:00:00.000Z;6887.206666666667
txInMemoryPool;2019-06-19T06:50:00.000Z;7385.246666666668
txInMemoryPool;2019-06-19T07:40:00.000Z;9932.113333333333
txInMemoryPool;2019-06-19T08:30:00.000Z;13323.45
txInMemoryPool;2019-06-19T09:20:00.000Z;5707.152
txInMemoryPool;2019-06-19T10:10:00.000Z;3578.033333333333
txInMemoryPool;2019-06-19T11:00:00.000Z;6819.946666666668
txInMemoryPool;2019-06-19T11:50:00.000Z;10652.706666666669
txInMemoryPool;2019-06-19T12:40:00.000Z;8836.863333333333
txInMemoryPool;2019-06-19T13:30:00.000Z;15939.663333333334
txInMemoryPool;2019-06-19T14:20:00.000Z;20738.231333333333
txInMemoryPool;2019-06-19T15:10:00.000Z;19212.913333333334
txInMemoryPool;2019-06-19T16:00:00.000Z;16633.106666666667
txInMemoryPool;2019-06-19T16:50:00.000Z;16483.31
txInMemoryPool;2019-06-19T17:40:00.000Z;6926.99
txInMemoryPool;2019-06-19T18:30:00.000Z;5008.549999999999
txInMemoryPool;2019-06-19T19:20:00.000Z;3479.5666666666666
txInMemoryPool;2019-06-19T20:10:00.000Z;1963.768
txInMemoryPool;2019-06-19T21:00:00.000Z;1635.0100000000002
txInMemoryPool;2019-06-19T21:50:00.000Z;2751.3966666666665
txInMemoryPool;2019-06-19T22:40:00.000Z;2353.2366666666667
txInMemoryPool;2019-06-19T23:30:00.000Z;1364.02
txInMemoryPool;2019-06-20T00:20:00.000Z;1871.55
txInMemoryPool;2019-06-20T01:10:00.000Z;3935.468
txInMemoryPool;2019-06-20T02:00:00.000Z;3671.9566666666665
txInMemoryPool;2019-06-20T02:50:00.000Z;4305.093333333333
txInMemoryPool;2019-06-20T03:40:00.000Z;8619.536666666667
txInMemoryPool;2019-06-20T04:30:00.000Z;8561.263333333332
txInMemoryPool;2019-06-20T05:20:00.000Z;6373.333333333333
txInMemoryPool;2019-06-20T06:10:00.000Z;8412.093333333334
txInMemoryPool;2019-06-20T07:00:00.000Z;8622.357333333333
txInMemoryPool;2019-06-20T07:50:00.000Z;10059.506666666666
txInMemoryPool;2019-06-20T08:40:00.000Z;13037.3
txInMemoryPool;2019-06-20T09:30:00.000Z;11702.026666666668
txInMemoryPool;2019-06-20T10:20:00.000Z;14446.88
txInMemoryPool;2019-06-20T11:10:00.000Z;14057.236666666668
txInMemoryPool;2019-06-20T12:00:00.000Z;13525.182666666666
txInMemoryPool;2019-06-20T12:50:00.000Z;23022.79666666667
txInMemoryPool;2019-06-20T13:40:00.000Z;31057.223333333335
txInMemoryPool;2019-06-20T14:30:00.000Z;34567.43
txInMemoryPool;2019-06-20T15:20:00.000Z;38480.909999999996
txInMemoryPool;2019-06-20T16:10:00.000Z;37601.70333333333
txInMemoryPool;2019-06-20T17:00:00.000Z;35357.16666666667
txInMemoryPool;2019-06-20T17:50:00.000Z;41397.00666666667
txInMemoryPool;2019-06-20T18:40:00.000Z;42538.543333333335
txInMemoryPool;2019-06-20T19:30:00.000Z;41155.53666666667
txInMemoryPool;2019-06-20T20:20:00.000Z;36387.06
txInMemoryPool;2019-06-20T21:10:00.000Z;29329.329999999998
txInMemoryPool;2019-06-20T22:00:00.000Z;24510.920000000002
txInMemoryPool;2019-06-20T22:50:00.000Z;21582.340000000004
txInMemoryPool;2019-06-20T23:40:00.000Z;18048.54666666667
txInMemoryPool;2019-06-21T00:30:00.000Z;16101.326666666666
txInMemoryPool;2019-06-21T01:20:00.000Z;19034.143333333333
txInMemoryPool;2019-06-21T02:10:00.000Z;22683.260000000002
txInMemoryPool;2019-06-21T03:00:00.000Z;25125.32
txInMemoryPool;2019-06-21T03:50:00.000Z;26542.57733333333
txInMemoryPool;2019-06-21T04:40:00.000Z;30881.176666666666
txInMemoryPool;2019-06-21T05:30:00.000Z;23968.546666666665
txInMemoryPool;2019-06-21T06:20:00.000Z;21027.54666666667
txInMemoryPool;2019-06-21T07:10:00.000Z;20968.00666666667
txInMemoryPool;2019-06-21T08:00:00.000Z;25993.893333333333
txInMemoryPool;2019-06-21T08:50:00.000Z;30577.15
txInMemoryPool;2019-06-21T09:40:00.000Z;31726.439999999995
txInMemoryPool;2019-06-21T10:30:00.000Z;27862.33666666667
txInMemoryPool;2019-06-21T11:20:00.000Z;29031.43
txInMemoryPool;2019-06-21T12:10:00.000Z;31650.73333333333
txInMemoryPool;2019-06-21T13:00:00.000Z;37531.05
txInMemoryPool;2019-06-21T13:50:00.000Z;45880.78333333334
txInMemoryPool;2019-06-21T14:40:00.000Z;50145.52733333333
txInMemoryPool;2019-06-21T15:30:00.000Z;47305.11666666667
txInMemoryPool;2019-06-21T16:20:00.000Z;45859.59
txInMemoryPool;2019-06-21T17:10:00.000Z;45554.25666666667
txInMemoryPool;2019-06-21T18:00:00.000Z;40343.246666666666
txInMemoryPool;2019-06-21T18:50:00.000Z;45676.11666666666
txInMemoryPool;2019-06-21T19:40:00.000Z;50439.34
txInMemoryPool;2019-06-21T20:30:00.000Z;51339.84333333334
txInMemoryPool;2019-06-21T21:20:00.000Z;53739.130000000005
txInMemoryPool;2019-06-21T22:10:00.000Z;53975.469999999994
txInMemoryPool;2019-06-21T23:00:00.000Z;47134.22333333333
txInMemoryPool;2019-06-21T23:50:00.000Z;38627.42333333334
txInMemoryPool;2019-06-22T00:40:00.000Z;38894.32666666666
txInMemoryPool;2019-06-22T01:30:00.000Z;39924.39400000001
txInMemoryPool;2019-06-22T02:20:00.000Z;36618.19666666667
txInMemoryPool;2019-06-22T03:10:00.000Z;35974.16666666667
txInMemoryPool;2019-06-22T04:00:00.000Z;36147.926666666666
txInMemoryPool;2019-06-22T04:50:00.000Z;33652.41333333333
txInMemoryPool;2019-06-22T05:40:00.000Z;32169.340000000004
txInMemoryPool;2019-06-22T06:30:00.000Z;36137.17866666667
txInMemoryPool;2019-06-22T07:20:00.000Z;34258.060000000005
txInMemoryPool;2019-06-22T08:10:00.000Z;31320.920000000002
txInMemoryPool;2019-06-22T09:00:00.000Z;32168.74
txInMemoryPool;2019-06-22T09:50:00.000Z;40885.78666666667
txInMemoryPool;2019-06-22T10:40:00.000Z;46380.56333333333
txInMemoryPool;2019-06-22T11:30:00.000Z;48279.15
txInMemoryPool;2019-06-22T12:20:00.000Z;50785.547999999995
txInMemoryPool;2019-06-22T13:10:00.000Z;57590.996666666666
txInMemoryPool;2019-06-22T14:00:00.000Z;62552.003333333334
txInMemoryPool;2019-06-22T14:50:00.000Z;64770.583333333336
txInMemoryPool;2019-06-22T15:40:00.000Z;62833.98333333334
txInMemoryPool;2019-06-22T16:30:00.000Z;64439.46666666666
txInMemoryPool;2019-06-22T17:20:00.000Z;60625.829333333335
txInMemoryPool;2019-06-22T18:10:00.000Z;57453.566666666666
txInMemoryPool;2019-06-22T19:00:00.000Z;57076.05
txInMemoryPool;2019-06-22T19:50:00.000Z;52283.28666666667
txInMemoryPool;2019-06-22T20:40:00.000Z;44031.96333333333
txInMemoryPool;2019-06-22T21:30:00.000Z;41061.17
txInMemoryPool;2019-06-22T22:20:00.000Z;37176.72666666666
txInMemoryPool;2019-06-22T23:10:00.000Z;33129.81
txInMemoryPool;2019-06-23T00:00:00.000Z;30191.51
txInMemoryPool;2019-06-23T00:50:00.000Z;27070.1
txInMemoryPool;2019-06-23T01:40:00.000Z;23505.98
txInMemoryPool;2019-06-23T02:30:00.000Z;21493.596666666668
txInMemoryPool;2019-06-23T03:20:00.000Z;20832.043333333335
txInMemoryPool;2019-06-23T04:10:00.000Z;14144.987999999998
txInMemoryPool;2019-06-23T05:00:00.000Z;11592.466666666665
txInMemoryPool;2019-06-23T05:50:00.000Z;11626.693333333333
txInMemoryPool;2019-06-23T06:40:00.000Z;12549.696666666667
txInMemoryPool;2019-06-23T07:30:00.000Z;6411.973333333333
txInMemoryPool;2019-06-23T08:20:00.000Z;3528.1966666666667
txInMemoryPool;2019-06-23T09:10:00.000Z;4167.95
txInMemoryPool;2019-06-23T10:00:00.000Z;3748.2066666666665
txInMemoryPool;2019-06-23T10:50:00.000Z;4393.36
txInMemoryPool;2019-06-23T11:40:00.000Z;2393.79
txInMemoryPool;2019-06-23T12:30:00.000Z;3186.2166666666662
txInMemoryPool;2019-06-23T13:20:00.000Z;4552.443333333334
txInMemoryPool;2019-06-23T14:10:00.000Z;5530.406666666667
txInMemoryPool;2019-06-23T15:00:00.000Z;2225.7366666666667
txInMemoryPool;2019-06-23T15:50:00.000Z;2786.186666666667
txInMemoryPool;2019-06-23T16:40:00.000Z;4895.793333333333
txInMemoryPool;2019-06-23T17:30:00.000Z;6566.596666666666
txInMemoryPool;2019-06-23T18:20:00.000Z;2622.856666666667
txInMemoryPool;2019-06-23T19:10:00.000Z;1865.3433333333335
txInMemoryPool;2019-06-23T20:00:00.000Z;1532.8719999999998
txInMemoryPool;2019-06-23T20:50:00.000Z;4087.813333333333
txInMemoryPool;2019-06-23T21:40:00.000Z;5560.013333333333
txInMemoryPool;2019-06-23T22:30:00.000Z;6937.193333333334
txInMemoryPool;2019-06-23T23:20:00.000Z;2573.33
txInMemoryPool;2019-06-24T00:10:00.000Z;1526.3466666666668
txInMemoryPool;2019-06-24T01:00:00.000Z;3653.166666666667
txInMemoryPool;2019-06-24T01:50:00.000Z;2418.7653333333337
txInMemoryPool;2019-06-24T02:40:00.000Z;3425.0600000000004
txInMemoryPool;2019-06-24T03:30:00.000Z;3810.5066666666667
txInMemoryPool;2019-06-24T04:20:00.000Z;4152.39
txInMemoryPool;2019-06-24T05:10:00.000Z;3851.656666666666
txInMemoryPool;2019-06-24T06:00:00.000Z;5085.083333333333
txInMemoryPool;2019-06-24T06:50:00.000Z;5727.646666666666
txInMemoryPool;2019-06-24T07:40:00.000Z;2823.723333333334
txInMemoryPool;2019-06-24T08:30:00.000Z;3554.8633333333332
txInMemoryPool;2019-06-24T09:20:00.000Z;4018.47
txInMemoryPool;2019-06-24T10:10:00.000Z;4319.463333333333
txInMemoryPool;2019-06-24T11:00:00.000Z;2914.9466666666667
txInMemoryPool;2019-06-24T11:50:00.000Z;2978.158
txInMemoryPool;2019-06-24T12:40:00.000Z;5626.370000000001
txInMemoryPool;2019-06-24T13:30:00.000Z;11101.283333333333
txInMemoryPool;2019-06-24T14:20:00.000Z;10720.18
txInMemoryPool;2019-06-24T15:10:00.000Z;14719.353333333333
txInMemoryPool;2019-06-24T16:00:00.000Z;14054.556666666665
txInMemoryPool;2019-06-24T16:50:00.000Z;11375.65
txInMemoryPool;2019-06-24T17:40:00.000Z;7784.4580000000005
txInMemoryPool;2019-06-24T18:30:00.000Z;7795.383333333333
txInMemoryPool;2019-06-24T19:20:00.000Z;5183.086666666667
txInMemoryPool;2019-06-24T20:10:00.000Z;2685.8799999999997
txInMemoryPool;2019-06-24T21:00:00.000Z;2852.2333333333336
txInMemoryPool;2019-06-24T21:50:00.000Z;1808.6133333333332
txInMemoryPool;2019-06-24T22:40:00.000Z;3729.494
txInMemoryPool;2019-06-24T23:30:00.000Z;4606.123333333333
txInMemoryPool;2019-06-25T00:20:00.000Z;2244.6799999999994
txInMemoryPool;2019-06-25T01:10:00.000Z;1986.1733333333334
txInMemoryPool;2019-06-25T02:00:00.000Z;2292.2033333333334
txInMemoryPool;2019-06-25T02:50:00.000Z;7043.5166666666655
txInMemoryPool;2019-06-25T03:40:00.000Z;11974.48
txInMemoryPool;2019-06-25T04:30:00.000Z;15169.118666666667
txInMemoryPool;2019-06-25T05:20:00.000Z;12976.353333333333
txInMemoryPool;2019-06-25T06:10:00.000Z;8829.343333333332
txInMemoryPool;2019-06-25T07:00:00.000Z;5321.4766666666665
txInMemoryPool;2019-06-25T07:50:00.000Z;5028.959999999999
txInMemoryPool;2019-06-25T08:40:00.000Z;7625.0700000000015
txInMemoryPool;2019-06-25T09:30:00.000Z;10010.250666666669
txInMemoryPool;2019-06-25T10:20:00.000Z;13759.309999999998
txInMemoryPool;2019-06-25T11:10:00.000Z;14423.973333333333
txInMemoryPool;2019-06-25T12:00:00.000Z;15456.480000000001
txInMemoryPool;2019-06-25T12:50:00.000Z;26737.390000000003
txInMemoryPool;2019-06-25T13:40:00.000Z;35674.78333333333
txInMemoryPool;2019-06-25T14:30:00.000Z;37856.166000000005
txInMemoryPool;2019-06-25T15:20:00.000Z;38841.840000000004
txInMemoryPool;2019-06-25T16:10:00.000Z;42009.50666666667
txInMemoryPool;2019-06-25T17:00:00.000Z;42670.346666666665
txInMemoryPool;2019-06-25T17:50:00.000Z;43609.65
txInMemoryPool;2019-06-25T18:40:00.000Z;43717.3
txInMemoryPool;2019-06-25T19:30:00.000Z;41174.56333333334
txInMemoryPool;2019-06-25T20:20:00.000Z;40192.83866666666
txInMemoryPool;2019-06-25T21:10:00.000Z;40858.153333333335
txInMemoryPool;2019-06-25T22:00:00.000Z;43473.793333333335
txInMemoryPool;2019-06-25T22:50:00.000Z;42950.653333333335
txInMemoryPool;2019-06-25T23:40:00.000Z;31285.749999999993
txInMemoryPool;2019-06-26T00:30:00.000Z;22372.25
txInMemoryPool;2019-06-26T01:20:00.000Z;23944.744
txInMemoryPool;2019-06-26T02:10:00.000Z;16649.19
txInMemoryPool;2019-06-26T03:00:00.000Z;15721.583333333334
txInMemoryPool;2019-06-26T03:50:00.000Z;12221.64
txInMemoryPool;2019-06-26T04:40:00.000Z;10126.153333333332
txInMemoryPool;2019-06-26T05:30:00.000Z;13011.736666666668
txInMemoryPool;2019-06-26T06:20:00.000Z;23644.066666666662
txInMemoryPool;2019-06-26T07:10:00.000Z;25190.406666666666
txInMemoryPool;2019-06-26T08:00:00.000Z;29263.12333333333
txInMemoryPool;2019-06-26T08:50:00.000Z;36095.526666666665
txInMemoryPool;2019-06-26T09:40:00.000Z;36409.23666666666
txInMemoryPool;2019-06-26T10:30:00.000Z;38018.590000000004
txInMemoryPool;2019-06-26T11:20:00.000Z;38295.53
txInMemoryPool;2019-06-26T12:10:00.000Z;43887.36466666667
txInMemoryPool;2019-06-26T13:00:00.000Z;50491.53333333333
txInMemoryPool;2019-06-26T13:50:00.000Z;57978.7
txInMemoryPool;2019-06-26T14:40:00.000Z;56153.72333333334
txInMemoryPool;2019-06-26T15:30:00.000Z;52866.56333333333
txInMemoryPool;2019-06-26T16:20:00.000Z;56455.15
txInMemoryPool;2019-06-26T17:10:00.000Z;54997.99066666667
txInMemoryPool;2019-06-26T18:00:00.000Z;56371.42666666667
txInMemoryPool;2019-06-26T18:50:00.000Z;56600.923333333325
txInMemoryPool;2019-06-26T19:40:00.000Z;54271.00666666667
txInMemoryPool;2019-06-26T20:30:00.000Z;56222.48666666667
txInMemoryPool;2019-06-26T21:20:00.000Z;57178.21666666666
txInMemoryPool;2019-06-26T22:10:00.000Z;55931.84333333334
txInMemoryPool;2019-06-26T23:00:00.000Z;57123.35333333335
txInMemoryPool;2019-06-26T23:50:00.000Z;58898.54333333332
txInMemoryPool;2019-06-27T00:40:00.000Z;59532.416666666664
txInMemoryPool;2019-06-27T01:30:00.000Z;64459.83333333333
txInMemoryPool;2019-06-27T02:20:00.000Z;55744.616666666676
txInMemoryPool;2019-06-27T03:10:00.000Z;55014.97000000001
txInMemoryPool;2019-06-27T04:00:00.000Z;56424.31799999999
txInMemoryPool;2019-06-27T04:50:00.000Z;55065.08666666667
txInMemoryPool;2019-06-27T05:40:00.000Z;56894.89333333333
txInMemoryPool;2019-06-27T06:30:00.000Z;62409.16333333333
txInMemoryPool;2019-06-27T07:20:00.000Z;67323.88666666667
txInMemoryPool;2019-06-27T08:10:00.000Z;64320.30333333333
txInMemoryPool;2019-06-27T09:00:00.000Z;61904.44533333334
txInMemoryPool;2019-06-27T09:50:00.000Z;65311.58666666667
txInMemoryPool;2019-06-27T10:40:00.000Z;68594.33333333334
txInMemoryPool;2019-06-27T11:30:00.000Z;72640.16333333333
txInMemoryPool;2019-06-27T12:20:00.000Z;77139.98333333332
txInMemoryPool;2019-06-27T13:10:00.000Z;86458.26333333334
txInMemoryPool;2019-06-27T14:00:00.000Z;84219.1
txInMemoryPool;2019-06-27T14:50:00.000Z;69153.64933333333
txInMemoryPool;2019-06-27T15:40:00.000Z;69640.21333333335
txInMemoryPool;2019-06-27T16:30:00.000Z;73981.21333333333
txInMemoryPool;2019-06-27T17:20:00.000Z;76664.10999999999
txInMemoryPool;2019-06-27T18:10:00.000Z;80620.06333333332
txInMemoryPool;2019-06-27T19:00:00.000Z;83087.92666666667
txInMemoryPool;2019-06-27T19:50:00.000Z;83134.97266666665
txInMemoryPool;2019-06-27T20:40:00.000Z;80243.33666666667
txInMemoryPool;2019-06-27T21:30:00.000Z;77607.65
txInMemoryPool;2019-06-27T22:20:00.000Z;71514.03
txInMemoryPool;2019-06-27T23:10:00.000Z;73497.05666666667
txInMemoryPool;2019-06-28T00:00:00.000Z;71282.82666666666
txInMemoryPool;2019-06-28T00:50:00.000Z;64666.806666666664
txInMemoryPool;2019-06-28T01:40:00.000Z;52372.24
txInMemoryPool;2019-06-28T02:30:00.000Z;46512.60333333333
txInMemoryPool;2019-06-28T03:20:00.000Z;47510.736666666664
txInMemoryPool;2019-06-28T04:10:00.000Z;48088.916666666664
txInMemoryPool;2019-06-28T05:00:00.000Z;40995.07333333333
txInMemoryPool;2019-06-28T05:50:00.000Z;33777.25666666667
txInMemoryPool;2019-06-28T06:40:00.000Z;32291.24866666667
txInMemoryPool;2019-06-28T07:30:00.000Z;28864.243333333336
txInMemoryPool;2019-06-28T08:20:00.000Z;31651.830000000005
txInMemoryPool;2019-06-28T09:10:00.000Z;39679.94666666667
txInMemoryPool;2019-06-28T10:00:00.000Z;45663.62666666666
txInMemoryPool;2019-06-28T10:50:00.000Z;47998.39666666667
txInMemoryPool;2019-06-28T11:40:00.000Z;52584.35400000001
txInMemoryPool;2019-06-28T12:30:00.000Z;55282.75666666667
txInMemoryPool;2019-06-28T13:20:00.000Z;60657.39
txInMemoryPool;2019-06-28T14:10:00.000Z;66365.80333333334
txInMemoryPool;2019-06-28T15:00:00.000Z;61114.20333333333
txInMemoryPool;2019-06-28T15:50:00.000Z;66826.16333333334
txInMemoryPool;2019-06-28T16:40:00.000Z;60586.066666666666
txInMemoryPool;2019-06-28T17:30:00.000Z;58515.64733333333
txInMemoryPool;2019-06-28T18:20:00.000Z;58474.8
txInMemoryPool;2019-06-28T19:10:00.000Z;58451.47333333333
txInMemoryPool;2019-06-28T20:00:00.000Z;48881.76333333333
txInMemoryPool;2019-06-28T20:50:00.000Z;42012.97333333334
txInMemoryPool;2019-06-28T21:40:00.000Z;39139.40666666666
txInMemoryPool;2019-06-28T22:30:00.000Z;24100.737333333334
txInMemoryPool;2019-06-28T23:20:00.000Z;21164.38666666667
txInMemoryPool;2019-06-29T00:10:00.000Z;13718.02
txInMemoryPool;2019-06-29T01:00:00.000Z;11290.3
txInMemoryPool;2019-06-29T01:50:00.000Z;10951.973333333333
txInMemoryPool;2019-06-29T02:40:00.000Z;9619.783333333333
txInMemoryPool;2019-06-29T03:30:00.000Z;8235.946666666667
txInMemoryPool;2019-06-29T04:20:00.000Z;7101.016666666667
txInMemoryPool;2019-06-29T05:10:00.000Z;5010.453333333333
txInMemoryPool;2019-06-29T06:00:00.000Z;4327.1066666666675
txInMemoryPool;2019-06-29T06:50:00.000Z;4022.6800000000003
txInMemoryPool;2019-06-29T07:40:00.000Z;5016.693333333333
txInMemoryPool;2019-06-29T08:30:00.000Z;3406.2966666666666
txInMemoryPool;2019-06-29T09:20:00.000Z;2016.9753333333333
txInMemoryPool;2019-06-29T10:10:00.000Z;4493.846666666666
txInMemoryPool;2019-06-29T11:00:00.000Z;2070.8833333333328
txInMemoryPool;2019-06-29T11:50:00.000Z;1954.3866666666665
txInMemoryPool;2019-06-29T12:40:00.000Z;4657.35
txInMemoryPool;2019-06-29T13:30:00.000Z;6998.85
txInMemoryPool;2019-06-29T14:20:00.000Z;6259.956666666667
txInMemoryPool;2019-06-29T15:10:00.000Z;4736.868
txInMemoryPool;2019-06-29T16:00:00.000Z;2044.73
txInMemoryPool;2019-06-29T16:50:00.000Z;2995.62
txInMemoryPool;2019-06-29T17:40:00.000Z;5643.03
txInMemoryPool;2019-06-29T18:30:00.000Z;5810.16
txInMemoryPool;2019-06-29T19:20:00.000Z;3922.0866666666675
txInMemoryPool;2019-06-29T20:10:00.000Z;3914.9300000000003
txInMemoryPool;2019-06-29T21:00:00.000Z;4048.05
txInMemoryPool;2019-06-29T21:50:00.000Z;4698.74
txInMemoryPool;2019-06-29T22:40:00.000Z;1215.5466666666666
txInMemoryPool;2019-06-29T23:30:00.000Z;1576.5466666666666
txInMemoryPool;2019-06-30T00:20:00.000Z;1779.3233333333333
txInMemoryPool;2019-06-30T01:10:00.000Z;2366.5566666666664
txInMemoryPool;2019-06-30T02:00:00.000Z;5187.164
txInMemoryPool;2019-06-30T02:50:00.000Z;4195.753333333334
txInMemoryPool;2019-06-30T03:40:00.000Z;3440.8933333333325
txInMemoryPool;2019-06-30T04:30:00.000Z;3975.873333333333
txInMemoryPool;2019-06-30T05:20:00.000Z;2741.7499999999995
txInMemoryPool;2019-06-30T06:10:00.000Z;2605.5133333333333
txInMemoryPool;2019-06-30T07:00:00.000Z;2078.9473333333335
txInMemoryPool;2019-06-30T07:50:00.000Z;2479.033333333333
txInMemoryPool;2019-06-30T08:40:00.000Z;5759.410000000001
txInMemoryPool;2019-06-30T09:30:00.000Z;3427.3700000000003
txInMemoryPool;2019-06-30T10:20:00.000Z;3375.326666666667
txInMemoryPool;2019-06-30T11:10:00.000Z;3201.583333333334
txInMemoryPool;2019-06-30T12:00:00.000Z;1230.1399999999999
txInMemoryPool;2019-06-30T12:50:00.000Z;1883.0693333333336
txInMemoryPool;2019-06-30T13:40:00.000Z;7758.783333333335
txInMemoryPool;2019-06-30T14:30:00.000Z;4204.1
txInMemoryPool;2019-06-30T15:20:00.000Z;2475.56
txInMemoryPool;2019-06-30T16:10:00.000Z;2918.9666666666667
txInMemoryPool;2019-06-30T17:00:00.000Z;3102.543333333333
txInMemoryPool;2019-06-30T17:50:00.000Z;2317.29
txInMemoryPool;2019-06-30T18:40:00.000Z;6372.57
txInMemoryPool;2019-06-30T19:30:00.000Z;4843.336666666667
txInMemoryPool;2019-06-30T20:20:00.000Z;2636.0166666666664
txInMemoryPool;2019-06-30T21:10:00.000Z;3237.473333333333
txInMemoryPool;2019-06-30T22:00:00.000Z;3292.4199999999996
txInMemoryPool;2019-06-30T22:50:00.000Z;5269.031333333334
txInMemoryPool;2019-06-30T23:40:00.000Z;1666.0533333333333
txInMemoryPool;2019-07-01T00:30:00.000Z;2496.52
txInMemoryPool;2019-07-01T01:20:00.000Z;2857.753333333333
txInMemoryPool;2019-07-01T02:10:00.000Z;1499.2333333333333
txInMemoryPool;2019-07-01T03:00:00.000Z;4796.973333333333
txInMemoryPool;2019-07-01T03:50:00.000Z;4720.346666666666
txInMemoryPool;2019-07-01T04:40:00.000Z;5879.4873333333335
txInMemoryPool;2019-07-01T05:30:00.000Z;8615.14
txInMemoryPool;2019-07-01T06:20:00.000Z;8801.279999999999
txInMemoryPool;2019-07-01T07:10:00.000Z;10861.743333333332
txInMemoryPool;2019-07-01T08:00:00.000Z;16036.62
txInMemoryPool;2019-07-01T08:50:00.000Z;19773.05
txInMemoryPool;2019-07-01T09:40:00.000Z;15620.854000000001
txInMemoryPool;2019-07-01T10:30:00.000Z;13069.54
txInMemoryPool;2019-07-01T11:20:00.000Z;6231.913333333334
txInMemoryPool;2019-07-01T12:10:00.000Z;5495.5
txInMemoryPool;2019-07-01T13:00:00.000Z;12485.43
txInMemoryPool;2019-07-01T13:50:00.000Z;17572.473333333335
txInMemoryPool;2019-07-01T14:40:00.000Z;19359.906666666666
txInMemoryPool;2019-07-01T15:30:00.000Z;21056.628666666667
txInMemoryPool;2019-07-01T16:20:00.000Z;26793.72
txInMemoryPool;2019-07-01T17:10:00.000Z;26324.023333333334
txInMemoryPool;2019-07-01T18:00:00.000Z;27164.51666666667
txInMemoryPool;2019-07-01T18:50:00.000Z;26020.316666666666
txInMemoryPool;2019-07-01T19:40:00.000Z;26093.370000000003
txInMemoryPool;2019-07-01T20:30:00.000Z;26872.69066666667
txInMemoryPool;2019-07-01T21:20:00.000Z;26610.65666666667
txInMemoryPool;2019-07-01T22:10:00.000Z;24990.73
txInMemoryPool;2019-07-01T23:00:00.000Z;22851.196666666667
txInMemoryPool;2019-07-01T23:50:00.000Z;22336.756666666668
txInMemoryPool;2019-07-02T00:40:00.000Z;21686.43333333333
txInMemoryPool;2019-07-02T01:30:00.000Z;21861.56266666667
txInMemoryPool;2019-07-02T02:20:00.000Z;26076.176666666666
txInMemoryPool;2019-07-02T03:10:00.000Z;22554.573333333334
txInMemoryPool;2019-07-02T04:00:00.000Z;22142.726666666662
txInMemoryPool;2019-07-02T04:50:00.000Z;23528.89
txInMemoryPool;2019-07-02T05:40:00.000Z;22303.566666666666
txInMemoryPool;2019-07-02T06:30:00.000Z;20761.260000000002
txInMemoryPool;2019-07-02T07:20:00.000Z;15077.718666666668
txInMemoryPool;2019-07-02T08:10:00.000Z;15809.040000000003
txInMemoryPool;2019-07-02T09:00:00.000Z;18881.956666666665
txInMemoryPool;2019-07-02T09:50:00.000Z;14275.73
txInMemoryPool;2019-07-02T10:40:00.000Z;13665.8
txInMemoryPool;2019-07-02T11:30:00.000Z;12382.886666666667
txInMemoryPool;2019-07-02T12:20:00.000Z;17400.420666666665
txInMemoryPool;2019-07-02T13:10:00.000Z;26198.436666666665
txInMemoryPool;2019-07-02T14:00:00.000Z;19059.496666666666
txInMemoryPool;2019-07-02T14:50:00.000Z;20915.086666666662
txInMemoryPool;2019-07-02T15:40:00.000Z;21940.33
txInMemoryPool;2019-07-02T16:30:00.000Z;23637.07
txInMemoryPool;2019-07-02T17:20:00.000Z;23722.403333333332
txInMemoryPool;2019-07-02T18:10:00.000Z;22808.70333333333
txInMemoryPool;2019-07-02T19:00:00.000Z;17586.163333333334
txInMemoryPool;2019-07-02T19:50:00.000Z;14996.230000000001
txInMemoryPool;2019-07-02T20:40:00.000Z;15665.730000000001
txInMemoryPool;2019-07-02T21:30:00.000Z;11778.443333333333
txInMemoryPool;2019-07-02T22:20:00.000Z;8248.556
txInMemoryPool;2019-07-02T23:10:00.000Z;4848.823333333334
txInMemoryPool;2019-07-03T00:00:00.000Z;2048.0133333333333
txInMemoryPool;2019-07-03T00:50:00.000Z;2860.88
txInMemoryPool;2019-07-03T01:40:00.000Z;4953.73
txInMemoryPool;2019-07-03T02:30:00.000Z;6394.56
txInMemoryPool;2019-07-03T03:20:00.000Z;5718.095333333333
txInMemoryPool;2019-07-03T04:10:00.000Z;5931.286666666668
txInMemoryPool;2019-07-03T05:00:00.000Z;4503.173333333334
txInMemoryPool;2019-07-03T05:50:00.000Z;4141.42
txInMemoryPool;2019-07-03T06:40:00.000Z;2832.08
txInMemoryPool;2019-07-03T07:30:00.000Z;3750.69
txInMemoryPool;2019-07-03T08:20:00.000Z;3677.6366666666663
txInMemoryPool;2019-07-03T09:10:00.000Z;3177.586666666667
txInMemoryPool;2019-07-03T10:00:00.000Z;3619.2433333333333
txInMemoryPool;2019-07-03T10:50:00.000Z;4077.0066666666667
txInMemoryPool;2019-07-03T11:40:00.000Z;6407.209999999999
txInMemoryPool;2019-07-03T12:30:00.000Z;7553.736666666667
txInMemoryPool;2019-07-03T13:20:00.000Z;10293.65
txInMemoryPool;2019-07-03T14:10:00.000Z;13915.306
txInMemoryPool;2019-07-03T15:00:00.000Z;11015.016666666668
txInMemoryPool;2019-07-03T15:50:00.000Z;9822.483333333334
txInMemoryPool;2019-07-03T16:40:00.000Z;16376.289999999999
txInMemoryPool;2019-07-03T17:30:00.000Z;17688.68333333333
txInMemoryPool;2019-07-03T18:20:00.000Z;15801.450000000003
txInMemoryPool;2019-07-03T19:10:00.000Z;6136.725333333333
txInMemoryPool;2019-07-03T20:00:00.000Z;2366.9733333333334
txInMemoryPool;2019-07-03T20:50:00.000Z;5927.096666666666
txInMemoryPool;2019-07-03T21:40:00.000Z;4313.636666666666
txInMemoryPool;2019-07-03T22:30:00.000Z;6784.76
txInMemoryPool;2019-07-03T23:20:00.000Z;4811.376666666666
txInMemoryPool;2019-07-04T00:10:00.000Z;2625.442666666667
txInMemoryPool;2019-07-04T01:00:00.000Z;3831.06
txInMemoryPool;2019-07-04T01:50:00.000Z;3409.1466666666665
txInMemoryPool;2019-07-04T02:40:00.000Z;5120.143333333333
txInMemoryPool;2019-07-04T03:30:00.000Z;3226.9999999999995
txInMemoryPool;2019-07-04T04:20:00.000Z;3787.4533333333325
txInMemoryPool;2019-07-04T05:10:00.000Z;2714.0066666666667
txInMemoryPool;2019-07-04T06:00:00.000Z;3007.0113333333334
txInMemoryPool;2019-07-04T06:50:00.000Z;2333.166666666667
txInMemoryPool;2019-07-04T07:40:00.000Z;3635.4933333333333
txInMemoryPool;2019-07-04T08:30:00.000Z;7126.7333333333345
txInMemoryPool;2019-07-04T09:20:00.000Z;4589.766666666667
txInMemoryPool;2019-07-04T10:10:00.000Z;8817.36
txInMemoryPool;2019-07-04T11:00:00.000Z;7171.096
txInMemoryPool;2019-07-04T11:50:00.000Z;7583.156666666667
txInMemoryPool;2019-07-04T12:40:00.000Z;7463.15
txInMemoryPool;2019-07-04T13:30:00.000Z;16687.95666666667
txInMemoryPool;2019-07-04T14:20:00.000Z;18546.41
txInMemoryPool;2019-07-04T15:10:00.000Z;22000.119999999995
txInMemoryPool;2019-07-04T16:00:00.000Z;22366.998666666663
txInMemoryPool;2019-07-04T16:50:00.000Z;17614.283333333333
txInMemoryPool;2019-07-04T17:40:00.000Z;14102.186666666665
txInMemoryPool;2019-07-04T18:30:00.000Z;11670.01
txInMemoryPool;2019-07-04T19:20:00.000Z;11321.430000000002
txInMemoryPool;2019-07-04T20:10:00.000Z;12520.563333333334
txInMemoryPool;2019-07-04T21:00:00.000Z;6949.848
txInMemoryPool;2019-07-04T21:50:00.000Z;2648.6833333333334
txInMemoryPool;2019-07-04T22:40:00.000Z;2107.9566666666665
txInMemoryPool;2019-07-04T23:30:00.000Z;3803.6433333333334
txInMemoryPool;2019-07-05T00:20:00.000Z;1296.5933333333335
txInMemoryPool;2019-07-05T01:10:00.000Z;1689.0633333333335
txInMemoryPool;2019-07-05T02:00:00.000Z;3165.29
txInMemoryPool;2019-07-05T02:50:00.000Z;2361.882666666667
txInMemoryPool;2019-07-05T03:40:00.000Z;2678.67
txInMemoryPool;2019-07-05T04:30:00.000Z;3405.8966666666665
txInMemoryPool;2019-07-05T05:20:00.000Z;3784.6200000000003
txInMemoryPool;2019-07-05T06:10:00.000Z;2923.0833333333335
txInMemoryPool;2019-07-05T07:00:00.000Z;2493.0866666666666
txInMemoryPool;2019-07-05T07:50:00.000Z;1463.1619999999998
txInMemoryPool;2019-07-05T08:40:00.000Z;2563.496666666667
txInMemoryPool;2019-07-05T09:30:00.000Z;3923.2933333333326
txInMemoryPool;2019-07-05T10:20:00.000Z;7634.203333333333
txInMemoryPool;2019-07-05T11:10:00.000Z;5186.776666666667
txInMemoryPool;2019-07-05T12:00:00.000Z;8929.47
txInMemoryPool;2019-07-05T12:50:00.000Z;10077.103333333334
txInMemoryPool;2019-07-05T13:40:00.000Z;14256.806666666667
txInMemoryPool;2019-07-05T14:30:00.000Z;13714.196666666667
txInMemoryPool;2019-07-05T15:20:00.000Z;15015.91
txInMemoryPool;2019-07-05T16:10:00.000Z;15153.223333333333
txInMemoryPool;2019-07-05T17:00:00.000Z;12548.446666666665
txInMemoryPool;2019-07-05T17:50:00.000Z;10532.036666666667
txInMemoryPool;2019-07-05T18:40:00.000Z;5875.4333333333325
txInMemoryPool;2019-07-05T19:30:00.000Z;4390.0233333333335
txInMemoryPool;2019-07-05T20:20:00.000Z;3471.85
txInMemoryPool;2019-07-05T21:10:00.000Z;2106.8399999999997
txInMemoryPool;2019-07-05T22:00:00.000Z;2517.25
txInMemoryPool;2019-07-05T22:50:00.000Z;2192.8333333333335
txInMemoryPool;2019-07-05T23:40:00.000Z;1656.6839999999997
txInMemoryPool;2019-07-06T00:30:00.000Z;5712.290000000001
txInMemoryPool;2019-07-06T01:20:00.000Z;5719.536666666667
txInMemoryPool;2019-07-06T02:10:00.000Z;2227.02
txInMemoryPool;2019-07-06T03:00:00.000Z;6179.6866666666665
txInMemoryPool;2019-07-06T03:50:00.000Z;4876.633333333333
txInMemoryPool;2019-07-06T04:40:00.000Z;2575.8233333333333
txInMemoryPool;2019-07-06T05:30:00.000Z;2489.9833333333336
txInMemoryPool;2019-07-06T06:20:00.000Z;2172.3
txInMemoryPool;2019-07-06T07:10:00.000Z;2166.08
txInMemoryPool;2019-07-06T08:00:00.000Z;5631.1433333333325
txInMemoryPool;2019-07-06T08:50:00.000Z;1108.9666666666667
txInMemoryPool;2019-07-06T09:40:00.000Z;1687.534
txInMemoryPool;2019-07-06T10:30:00.000Z;2526.023333333333
txInMemoryPool;2019-07-06T11:20:00.000Z;2250.6466666666665
txInMemoryPool;2019-07-06T12:10:00.000Z;1931.6899999999998
txInMemoryPool;2019-07-06T13:00:00.000Z;4377.246666666668
txInMemoryPool;2019-07-06T13:50:00.000Z;3510.9899999999993
txInMemoryPool;2019-07-06T14:40:00.000Z;5599.763333333333
txInMemoryPool;2019-07-06T15:30:00.000Z;4803.5599999999995
txInMemoryPool;2019-07-06T16:20:00.000Z;2869.64
txInMemoryPool;2019-07-06T17:10:00.000Z;2250.963333333333
txInMemoryPool;2019-07-06T18:00:00.000Z;1565.7033333333334
txInMemoryPool;2019-07-06T18:50:00.000Z;1527.7099999999998
txInMemoryPool;2019-07-06T19:40:00.000Z;1761.1200000000003
txInMemoryPool;2019-07-06T20:30:00.000Z;2436.82
txInMemoryPool;2019-07-06T21:20:00.000Z;2547.2133333333336
txInMemoryPool;2019-07-06T22:10:00.000Z;5853.363333333335
txInMemoryPool;2019-07-06T23:00:00.000Z;1910.6133333333332
txInMemoryPool;2019-07-06T23:50:00.000Z;1958.7933333333335
txInMemoryPool;2019-07-07T00:40:00.000Z;1553.9699999999998
txInMemoryPool;2019-07-07T01:30:00.000Z;3733.1493333333333
txInMemoryPool;2019-07-07T02:20:00.000Z;4439.453333333334
txInMemoryPool;2019-07-07T03:10:00.000Z;2992.3633333333332
txInMemoryPool;2019-07-07T04:00:00.000Z;2179.4966666666664
txInMemoryPool;2019-07-07T04:50:00.000Z;2973.186666666667
txInMemoryPool;2019-07-07T05:40:00.000Z;3700.6066666666666
txInMemoryPool;2019-07-07T06:30:00.000Z;2408.456
txInMemoryPool;2019-07-07T07:20:00.000Z;1542.7
txInMemoryPool;2019-07-07T08:10:00.000Z;2560.7033333333334
txInMemoryPool;2019-07-07T09:00:00.000Z;1943.8066666666666
txInMemoryPool;2019-07-07T09:50:00.000Z;3758.5
txInMemoryPool;2019-07-07T10:40:00.000Z;4400.326666666667
txInMemoryPool;2019-07-07T11:30:00.000Z;4528.34
txInMemoryPool;2019-07-07T12:20:00.000Z;4638.681333333334
txInMemoryPool;2019-07-07T13:10:00.000Z;3402.333333333333
txInMemoryPool;2019-07-07T14:00:00.000Z;2074.5333333333333
txInMemoryPool;2019-07-07T14:50:00.000Z;4404.503333333334
txInMemoryPool;2019-07-07T15:40:00.000Z;8900.836666666666
txInMemoryPool;2019-07-07T16:30:00.000Z;9776.826666666666
txInMemoryPool;2019-07-07T17:20:00.000Z;8450.538666666665
txInMemoryPool;2019-07-07T18:10:00.000Z;4690.81
txInMemoryPool;2019-07-07T19:00:00.000Z;2094.08
txInMemoryPool;2019-07-07T19:50:00.000Z;2243.1933333333336
txInMemoryPool;2019-07-07T20:40:00.000Z;2139.313333333334
txInMemoryPool;2019-07-07T21:30:00.000Z;1380.2033333333334
txInMemoryPool;2019-07-07T22:20:00.000Z;2769.9586666666664
txInMemoryPool;2019-07-07T23:10:00.000Z;1382.8433333333332
txInMemoryPool;2019-07-08T00:00:00.000Z;4352.386666666667
txInMemoryPool;2019-07-08T00:50:00.000Z;2017.22
txInMemoryPool;2019-07-08T01:40:00.000Z;2299.25
txInMemoryPool;2019-07-08T02:30:00.000Z;3631.4533333333334
txInMemoryPool;2019-07-08T03:20:00.000Z;2030.9559999999997
txInMemoryPool;2019-07-08T04:10:00.000Z;4912.280000000001
txInMemoryPool;2019-07-08T05:00:00.000Z;2537.89
txInMemoryPool;2019-07-08T05:50:00.000Z;3479.55
txInMemoryPool;2019-07-08T06:40:00.000Z;1502.4633333333331
txInMemoryPool;2019-07-08T07:30:00.000Z;5855.623333333334
txInMemoryPool;2019-07-08T08:20:00.000Z;3621.6799999999994
txInMemoryPool;2019-07-08T09:10:00.000Z;5463.008
txInMemoryPool;2019-07-08T10:00:00.000Z;9250.969999999998
txInMemoryPool;2019-07-08T10:50:00.000Z;13940.163333333334
txInMemoryPool;2019-07-08T11:40:00.000Z;7997.223333333333
txInMemoryPool;2019-07-08T12:30:00.000Z;4314.23
txInMemoryPool;2019-07-08T13:20:00.000Z;12532.603333333333
txInMemoryPool;2019-07-08T14:10:00.000Z;18976.266
txInMemoryPool;2019-07-08T15:00:00.000Z;16419.056666666667
txInMemoryPool;2019-07-08T15:50:00.000Z;11775.656666666666
txInMemoryPool;2019-07-08T16:40:00.000Z;10548.363333333333
txInMemoryPool;2019-07-08T17:30:00.000Z;6405.666666666666
txInMemoryPool;2019-07-08T18:20:00.000Z;6061.473333333333
txInMemoryPool;2019-07-08T19:10:00.000Z;7676.916
txInMemoryPool;2019-07-08T20:00:00.000Z;3849.2799999999997
txInMemoryPool;2019-07-08T20:50:00.000Z;4737.553333333332
txInMemoryPool;2019-07-08T21:40:00.000Z;3284.416666666667
txInMemoryPool;2019-07-08T22:30:00.000Z;1189.56
txInMemoryPool;2019-07-08T23:20:00.000Z;2394.04
txInMemoryPool;2019-07-09T00:10:00.000Z;3247.6733333333336
txInMemoryPool;2019-07-09T01:00:00.000Z;2047.1453333333334
txInMemoryPool;2019-07-09T01:50:00.000Z;3959.1333333333328
txInMemoryPool;2019-07-09T02:40:00.000Z;8752.093333333334
txInMemoryPool;2019-07-09T03:30:00.000Z;4217.570000000001
txInMemoryPool;2019-07-09T04:20:00.000Z;1918.7766666666666
txInMemoryPool;2019-07-09T05:10:00.000Z;1962.1599999999999
txInMemoryPool;2019-07-09T06:00:00.000Z;4208.678
txInMemoryPool;2019-07-09T06:50:00.000Z;3926.2599999999998
txInMemoryPool;2019-07-09T07:40:00.000Z;3359.203333333334
txInMemoryPool;2019-07-09T08:30:00.000Z;6023.416666666666
txInMemoryPool;2019-07-09T09:20:00.000Z;7155.646666666667
txInMemoryPool;2019-07-09T10:10:00.000Z;9731.103333333333
txInMemoryPool;2019-07-09T11:00:00.000Z;11224.106
txInMemoryPool;2019-07-09T11:50:00.000Z;16990.413333333334
txInMemoryPool;2019-07-09T12:40:00.000Z;20607.36666666667
txInMemoryPool;2019-07-09T13:30:00.000Z;27148.783333333333
txInMemoryPool;2019-07-09T14:20:00.000Z;26270.59333333333
txInMemoryPool;2019-07-09T15:10:00.000Z;22198.12
txInMemoryPool;2019-07-09T16:00:00.000Z;19689.536666666663
txInMemoryPool;2019-07-09T16:50:00.000Z;19048.539999999997
txInMemoryPool;2019-07-09T17:40:00.000Z;20877.223333333335
txInMemoryPool;2019-07-09T18:30:00.000Z;18494.20333333333
txInMemoryPool;2019-07-09T19:20:00.000Z;12005.356666666668
txInMemoryPool;2019-07-09T20:10:00.000Z;15217.009999999998
txInMemoryPool;2019-07-09T21:00:00.000Z;16386.303333333333
txInMemoryPool;2019-07-09T21:50:00.000Z;13622.26
txInMemoryPool;2019-07-09T22:40:00.000Z;15432.913333333334
txInMemoryPool;2019-07-09T23:30:00.000Z;11721.183333333334
txInMemoryPool;2019-07-10T00:20:00.000Z;9475.356666666668
txInMemoryPool;2019-07-10T01:10:00.000Z;14691.783333333335
txInMemoryPool;2019-07-10T02:00:00.000Z;16895.55
txInMemoryPool;2019-07-10T02:50:00.000Z;20403.613333333335
txInMemoryPool;2019-07-10T03:40:00.000Z;15272.05
txInMemoryPool;2019-07-10T04:30:00.000Z;12859.730000000001
txInMemoryPool;2019-07-10T05:20:00.000Z;16115.939999999999
txInMemoryPool;2019-07-10T06:10:00.000Z;17716.940000000002
txInMemoryPool;2019-07-10T07:00:00.000Z;20988.379999999997
txInMemoryPool;2019-07-10T07:50:00.000Z;21682.281333333336
txInMemoryPool;2019-07-10T08:40:00.000Z;27315.590000000004
txInMemoryPool;2019-07-10T09:30:00.000Z;31627.3
txInMemoryPool;2019-07-10T10:20:00.000Z;30169.51
txInMemoryPool;2019-07-10T11:10:00.000Z;34887.43666666666
txInMemoryPool;2019-07-10T12:00:00.000Z;39748.509999999995
txInMemoryPool;2019-07-10T12:50:00.000Z;45410.428
txInMemoryPool;2019-07-10T13:40:00.000Z;47712.78333333334
txInMemoryPool;2019-07-10T14:30:00.000Z;41887.55333333333
txInMemoryPool;2019-07-10T15:20:00.000Z;38722.763333333336
txInMemoryPool;2019-07-10T16:10:00.000Z;41130.956666666665
txInMemoryPool;2019-07-10T17:00:00.000Z;44217.85
txInMemoryPool;2019-07-10T17:50:00.000Z;41783.768000000004
txInMemoryPool;2019-07-10T18:40:00.000Z;37613.15000000001
txInMemoryPool;2019-07-10T19:30:00.000Z;34845.10666666667
txInMemoryPool;2019-07-10T20:20:00.000Z;35534.06
txInMemoryPool;2019-07-10T21:10:00.000Z;36554.810000000005
txInMemoryPool;2019-07-10T22:00:00.000Z;40342.61
txInMemoryPool;2019-07-10T22:50:00.000Z;36563.75466666666
txInMemoryPool;2019-07-10T23:40:00.000Z;32338.620000000003
txInMemoryPool;2019-07-11T00:30:00.000Z;31592.739999999998
txInMemoryPool;2019-07-11T01:20:00.000Z;29848.23
txInMemoryPool;2019-07-11T02:10:00.000Z;28624.25
txInMemoryPool;2019-07-11T03:00:00.000Z;30462.81666666667
txInMemoryPool;2019-07-11T03:50:00.000Z;30265.533333333336
txInMemoryPool;2019-07-11T04:40:00.000Z;28812.525999999994
txInMemoryPool;2019-07-11T05:30:00.000Z;30930.29
txInMemoryPool;2019-07-11T06:20:00.000Z;32510.579999999998
txInMemoryPool;2019-07-11T07:10:00.000Z;30194.079999999998
txInMemoryPool;2019-07-11T08:00:00.000Z;27526.330000000005
txInMemoryPool;2019-07-11T08:50:00.000Z;25365.973333333335
txInMemoryPool;2019-07-11T09:40:00.000Z;26380.97133333333
txInMemoryPool;2019-07-11T10:30:00.000Z;28102.073333333334
txInMemoryPool;2019-07-11T11:20:00.000Z;29164.35
txInMemoryPool;2019-07-11T12:10:00.000Z;31340.416666666664
txInMemoryPool;2019-07-11T13:00:00.000Z;32970.31
txInMemoryPool;2019-07-11T13:50:00.000Z;40185.50666666667
txInMemoryPool;2019-07-11T14:40:00.000Z;43958.869999999995
txInMemoryPool;2019-07-11T15:30:00.000Z;44976.76666666666
txInMemoryPool;2019-07-11T16:20:00.000Z;45396.663333333345
txInMemoryPool;2019-07-11T17:10:00.000Z;42396.490000000005
txInMemoryPool;2019-07-11T18:00:00.000Z;43089.083333333336
txInMemoryPool;2019-07-11T18:50:00.000Z;39974.92333333333
txInMemoryPool;2019-07-11T19:40:00.000Z;39659.585999999996
txInMemoryPool;2019-07-11T20:30:00.000Z;38521.72666666666
txInMemoryPool;2019-07-11T21:20:00.000Z;34494.03333333334
txInMemoryPool;2019-07-11T22:10:00.000Z;35247.83
txInMemoryPool;2019-07-11T23:00:00.000Z;30994.170000000002
txInMemoryPool;2019-07-11T23:50:00.000Z;30870.57666666667
txInMemoryPool;2019-07-12T00:40:00.000Z;33010.87666666667
txInMemoryPool;2019-07-12T01:30:00.000Z;28313.014000000003
txInMemoryPool;2019-07-12T02:20:00.000Z;25808.563333333335
txInMemoryPool;2019-07-12T03:10:00.000Z;24852.51
txInMemoryPool;2019-07-12T04:00:00.000Z;21235.396666666667
txInMemoryPool;2019-07-12T04:50:00.000Z;18337.70333333333
txInMemoryPool;2019-07-12T05:40:00.000Z;13895.783333333335
txInMemoryPool;2019-07-12T06:30:00.000Z;14917.534666666665
txInMemoryPool;2019-07-12T07:20:00.000Z;12693.84
txInMemoryPool;2019-07-12T08:10:00.000Z;11753.146666666667
txInMemoryPool;2019-07-12T09:00:00.000Z;11161.026666666667
txInMemoryPool;2019-07-12T09:50:00.000Z;13520.986666666668
txInMemoryPool;2019-07-12T10:40:00.000Z;14078.133333333335
txInMemoryPool;2019-07-12T11:30:00.000Z;11809.466666666665
txInMemoryPool;2019-07-12T12:20:00.000Z;13332.093333333334
txInMemoryPool;2019-07-12T13:10:00.000Z;17327.06666666667
txInMemoryPool;2019-07-12T14:00:00.000Z;19206.84666666667
txInMemoryPool;2019-07-12T14:50:00.000Z;17945.853333333333
txInMemoryPool;2019-07-12T15:40:00.000Z;18316.54333333333
txInMemoryPool;2019-07-12T16:30:00.000Z;19001.336000000003
txInMemoryPool;2019-07-12T17:20:00.000Z;15885.503333333332
txInMemoryPool;2019-07-12T18:10:00.000Z;16839.063333333335
txInMemoryPool;2019-07-12T19:00:00.000Z;15993.163333333334
txInMemoryPool;2019-07-12T19:50:00.000Z;14465.470000000001
txInMemoryPool;2019-07-12T20:40:00.000Z;12803.443333333333
txInMemoryPool;2019-07-12T21:30:00.000Z;11708.853333333333
txInMemoryPool;2019-07-12T22:20:00.000Z;7718.4333333333325
txInMemoryPool;2019-07-12T23:10:00.000Z;7460.173333333334
txInMemoryPool;2019-07-13T00:00:00.000Z;6988.213333333333
txInMemoryPool;2019-07-13T00:50:00.000Z;4481.339999999999
txInMemoryPool;2019-07-13T01:40:00.000Z;4075.1099999999997
txInMemoryPool;2019-07-13T02:30:00.000Z;6256.15
txInMemoryPool;2019-07-13T03:20:00.000Z;7161.823333333332
txInMemoryPool;2019-07-13T04:10:00.000Z;2695.8433333333332
txInMemoryPool;2019-07-13T05:00:00.000Z;4657.0199999999995
txInMemoryPool;2019-07-13T05:50:00.000Z;4353.446666666667
txInMemoryPool;2019-07-13T06:40:00.000Z;3532.223333333334
txInMemoryPool;2019-07-13T07:30:00.000Z;2164.503333333333
txInMemoryPool;2019-07-13T08:20:00.000Z;1540.634
txInMemoryPool;2019-07-13T09:10:00.000Z;4763.736666666667
txInMemoryPool;2019-07-13T10:00:00.000Z;3812.446666666666
txInMemoryPool;2019-07-13T10:50:00.000Z;4467.826666666666
txInMemoryPool;2019-07-13T11:40:00.000Z;3074.3033333333333
txInMemoryPool;2019-07-13T12:30:00.000Z;6039.8133333333335
txInMemoryPool;2019-07-13T13:20:00.000Z;3180.789333333334
txInMemoryPool;2019-07-13T14:10:00.000Z;5554.636666666667
txInMemoryPool;2019-07-13T15:00:00.000Z;4927.8
txInMemoryPool;2019-07-13T15:50:00.000Z;6870.133333333334
txInMemoryPool;2019-07-13T16:40:00.000Z;7362.873333333334
txInMemoryPool;2019-07-13T17:30:00.000Z;6997.176666666666
txInMemoryPool;2019-07-13T18:20:00.000Z;8224.913333333334
txInMemoryPool;2019-07-13T19:10:00.000Z;5977.212666666666
txInMemoryPool;2019-07-13T20:00:00.000Z;1660.4099999999999
txInMemoryPool;2019-07-13T20:50:00.000Z;2403.0933333333332
txInMemoryPool;2019-07-13T21:40:00.000Z;2340.903333333333
txInMemoryPool;2019-07-13T22:30:00.000Z;2177.1800000000003
txInMemoryPool;2019-07-13T23:20:00.000Z;1507.9133333333334
txInMemoryPool;2019-07-14T00:10:00.000Z;2786.006666666667
txInMemoryPool;2019-07-14T01:00:00.000Z;2584.496666666667
txInMemoryPool;2019-07-14T01:50:00.000Z;2814.846666666667
txInMemoryPool;2019-07-14T02:40:00.000Z;1592.35
txInMemoryPool;2019-07-14T03:30:00.000Z;1094.5266666666666
txInMemoryPool;2019-07-14T04:20:00.000Z;2549.3900000000003
txInMemoryPool;2019-07-14T05:10:00.000Z;3569.3866666666668
txInMemoryPool;2019-07-14T06:00:00.000Z;2565.7966666666666
txInMemoryPool;2019-07-14T06:50:00.000Z;1892.2933333333335
txInMemoryPool;2019-07-14T07:40:00.000Z;1834.346666666667
txInMemoryPool;2019-07-14T08:30:00.000Z;1768.236666666667
txInMemoryPool;2019-07-14T09:20:00.000Z;4532.923333333333
txInMemoryPool;2019-07-14T10:10:00.000Z;2711.9666666666667
txInMemoryPool;2019-07-14T11:00:00.000Z;6920.8493333333345
txInMemoryPool;2019-07-14T11:50:00.000Z;8548.516666666666
txInMemoryPool;2019-07-14T12:40:00.000Z;5450.786666666666
txInMemoryPool;2019-07-14T13:30:00.000Z;7464.146666666667
txInMemoryPool;2019-07-14T14:20:00.000Z;9036.336666666666
txInMemoryPool;2019-07-14T15:10:00.000Z;6524.906666666667
txInMemoryPool;2019-07-14T16:00:00.000Z;5757.636
txInMemoryPool;2019-07-14T16:50:00.000Z;5032.383333333333
txInMemoryPool;2019-07-14T17:40:00.000Z;3797.536666666667
txInMemoryPool;2019-07-14T18:30:00.000Z;1217.95
txInMemoryPool;2019-07-14T19:20:00.000Z;1217.3866666666668
txInMemoryPool;2019-07-14T20:10:00.000Z;2188.133333333333
txInMemoryPool;2019-07-14T21:00:00.000Z;7043.985333333333
txInMemoryPool;2019-07-14T21:50:00.000Z;9929.313333333334
txInMemoryPool;2019-07-14T22:40:00.000Z;8803.333333333334
txInMemoryPool;2019-07-14T23:30:00.000Z;4751.18
txInMemoryPool;2019-07-15T00:20:00.000Z;3474.0133333333333
txInMemoryPool;2019-07-15T01:10:00.000Z;1621.2900000000002
txInMemoryPool;2019-07-15T02:00:00.000Z;1993.5693333333334
txInMemoryPool;2019-07-15T02:50:00.000Z;2182.4466666666667
txInMemoryPool;2019-07-15T03:40:00.000Z;6352.113333333334
txInMemoryPool;2019-07-15T04:30:00.000Z;6799.959999999999
txInMemoryPool;2019-07-15T05:20:00.000Z;2073.6066666666666
txInMemoryPool;2019-07-15T06:10:00.000Z;3380.2933333333335
txInMemoryPool;2019-07-15T07:00:00.000Z;3268.2066666666665
txInMemoryPool;2019-07-15T07:50:00.000Z;4335.903333333334
txInMemoryPool;2019-07-15T08:40:00.000Z;2709.6833333333334
txInMemoryPool;2019-07-15T09:30:00.000Z;3005.913333333333
txInMemoryPool;2019-07-15T10:20:00.000Z;3984.4066666666668
txInMemoryPool;2019-07-15T11:10:00.000Z;9097.593333333334
txInMemoryPool;2019-07-15T12:00:00.000Z;10002.033333333335
txInMemoryPool;2019-07-15T12:50:00.000Z;12487.065333333332
txInMemoryPool;2019-07-15T13:40:00.000Z;15877.46333333333
txInMemoryPool;2019-07-15T14:30:00.000Z;17913.280000000002
txInMemoryPool;2019-07-15T15:20:00.000Z;23843.37
txInMemoryPool;2019-07-15T16:10:00.000Z;25036.376666666663
txInMemoryPool;2019-07-15T17:00:00.000Z;30798.670000000002
txInMemoryPool;2019-07-15T17:50:00.000Z;26768.91466666667
txInMemoryPool;2019-07-15T18:40:00.000Z;14457.586666666664
txInMemoryPool;2019-07-15T19:30:00.000Z;12915.753333333334
txInMemoryPool;2019-07-15T20:20:00.000Z;11081.763333333332
txInMemoryPool;2019-07-15T21:10:00.000Z;10627.369999999999
txInMemoryPool;2019-07-15T22:00:00.000Z;11433.173333333334
txInMemoryPool;2019-07-15T22:50:00.000Z;8911.065999999999
txInMemoryPool;2019-07-15T23:40:00.000Z;2159.686666666666
txInMemoryPool;2019-07-16T00:30:00.000Z;2117.423333333333
txInMemoryPool;2019-07-16T01:20:00.000Z;2739.7000000000003
txInMemoryPool;2019-07-16T02:10:00.000Z;5050.333333333333
txInMemoryPool;2019-07-16T03:00:00.000Z;8881.816666666666
txInMemoryPool;2019-07-16T03:50:00.000Z;5683.0306666666675
txInMemoryPool;2019-07-16T04:40:00.000Z;4230.83
txInMemoryPool;2019-07-16T05:30:00.000Z;2753.9
txInMemoryPool;2019-07-16T06:20:00.000Z;2650.8333333333335
txInMemoryPool;2019-07-16T07:10:00.000Z;3367.033333333333
txInMemoryPool;2019-07-16T08:00:00.000Z;2583.2599999999998
txInMemoryPool;2019-07-16T08:50:00.000Z;3667.608666666666
txInMemoryPool;2019-07-16T09:40:00.000Z;3932.526666666666
txInMemoryPool;2019-07-16T10:30:00.000Z;2688.37
txInMemoryPool;2019-07-16T11:20:00.000Z;6537.283333333333
txInMemoryPool;2019-07-16T12:10:00.000Z;5566.636666666667
txInMemoryPool;2019-07-16T13:00:00.000Z;6126.886666666667
txInMemoryPool;2019-07-16T13:50:00.000Z;2605.4573333333333
txInMemoryPool;2019-07-16T14:40:00.000Z;1987.42
txInMemoryPool;2019-07-16T15:30:00.000Z;4484.556666666666
txInMemoryPool;2019-07-16T16:20:00.000Z;6277.713333333332
txInMemoryPool;2019-07-16T17:10:00.000Z;4443.933333333333
txInMemoryPool;2019-07-16T18:00:00.000Z;3314.003333333333
txInMemoryPool;2019-07-16T18:50:00.000Z;4651.803333333334
txInMemoryPool;2019-07-16T19:40:00.000Z;4183.073333333334
txInMemoryPool;2019-07-16T20:30:00.000Z;1872.5000000000005
txInMemoryPool;2019-07-16T21:20:00.000Z;1503.8466666666664
txInMemoryPool;2019-07-16T22:10:00.000Z;2904.81
txInMemoryPool;2019-07-16T23:00:00.000Z;3247.4066666666668
txInMemoryPool;2019-07-16T23:50:00.000Z;3893
txInMemoryPool;2019-07-17T00:40:00.000Z;5567.618
txInMemoryPool;2019-07-17T01:30:00.000Z;4900.42
txInMemoryPool;2019-07-17T02:20:00.000Z;2572.666666666667
txInMemoryPool;2019-07-17T03:10:00.000Z;1914.1366666666668
txInMemoryPool;2019-07-17T04:00:00.000Z;2042.4933333333333
txInMemoryPool;2019-07-17T04:50:00.000Z;2689.42
txInMemoryPool;2019-07-17T05:40:00.000Z;7780.216666666667
txInMemoryPool;2019-07-17T06:30:00.000Z;13134.943333333333
txInMemoryPool;2019-07-17T07:20:00.000Z;12949.68333333333
txInMemoryPool;2019-07-17T08:10:00.000Z;12824.01
txInMemoryPool;2019-07-17T09:00:00.000Z;10240.516666666666
txInMemoryPool;2019-07-17T09:50:00.000Z;11268.970000000001
